{"v":"5.7.3","fr":30,"ip":0,"op":129,"w":750,"h":750,"nm":"Mail","ddd":0,"assets":[],"layers":[{"ddd":0,"ind":1,"ty":4,"nm":"hand","sr":1,"ks":{"o":{"a":0,"k":100,"ix":11},"r":{"a":1,"k":[{"i":{"x":[0.667],"y":[1]},"o":{"x":[0.333],"y":[0]},"t":0,"s":[-25]},{"i":{"x":[0.667],"y":[1]},"o":{"x":[0.333],"y":[0]},"t":17,"s":[0]},{"i":{"x":[0.667],"y":[1]},"o":{"x":[0.333],"y":[0]},"t":76,"s":[0]},{"t":92,"s":[-25]}],"ix":10},"p":{"a":0,"k":[509.682,486.169,0],"ix":2},"a":{"a":0,"k":[126.447,98.179,0],"ix":1},"s":{"a":0,"k":[100,100,100],"ix":6}},"ao":0,"shapes":[{"ty":"gr","it":[{"ind":0,"ty":"sh","ix":1,"ks":{"a":0,"k":{"i":[[0,0],[0,0],[-1.346,0.616],[-2.377,-0.257],[0,0],[0,0],[-1.447,0.38],[-1.148,-1.735],[0,0]],"o":[[0,0],[-1.232,-0.819],[5.357,-2.453],[3.199,0.345],[0,0],[-0.3,-1.467],[2.014,-0.527],[0,0],[0,0]],"v":[[1.435,15.102],[-23.165,-1.27],[-22.908,-4.555],[-5.766,-8.911],[10.34,-5.501],[9.159,-11.283],[11.206,-14.576],[16.493,-12.555],[24.396,-0.613]],"c":true},"ix":2},"nm":"Path 1","mn":"ADBE Vector Shape - Group","hd":false},{"ty":"fl","c":{"a":0,"k":[1,0.689999988032,0.475,1],"ix":4},"o":{"a":0,"k":100,"ix":5},"r":1,"bm":0,"nm":"Fill 1","mn":"ADBE Vector Graphic - Fill","hd":false},{"ty":"tr","p":{"a":0,"k":[24.646,15.353],"ix":2},"a":{"a":0,"k":[0,0],"ix":1},"s":{"a":0,"k":[100,100],"ix":3},"r":{"a":0,"k":0,"ix":6},"o":{"a":0,"k":100,"ix":7},"sk":{"a":0,"k":0,"ix":4},"sa":{"a":0,"k":0,"ix":5},"nm":"Transform"}],"nm":"Group 1","np":2,"cix":2,"bm":0,"ix":1,"mn":"ADBE Vector Group","hd":false},{"ty":"gr","it":[{"ind":0,"ty":"sh","ix":1,"ks":{"a":0,"k":{"i":[[0,0],[4.731,5.766],[0,0],[0,0],[0,0],[-1.959,0.549]],"o":[[0,0],[-4.732,-5.766],[0,0],[0,0],[17.573,18.763],[1.959,-0.549]],"v":[[60.959,17.062],[-4.265,-14.809],[-37.997,-56.611],[-60.959,-40.896],[-26.012,17.247],[47.959,56.062]],"c":true},"ix":2},"nm":"Path 1","mn":"ADBE Vector Shape - Group","hd":false},{"ty":"fl","c":{"a":0,"k":[0.961000031116,0.298000021542,0.552999997606,1],"ix":4},"o":{"a":0,"k":100,"ix":5},"r":1,"bm":0,"nm":"Fill 1","mn":"ADBE Vector Graphic - Fill","hd":false},{"ty":"tr","p":{"a":0,"k":[87.039,71.351],"ix":2},"a":{"a":0,"k":[0,0],"ix":1},"s":{"a":0,"k":[100,100],"ix":3},"r":{"a":0,"k":0,"ix":6},"o":{"a":0,"k":100,"ix":7},"sk":{"a":0,"k":0,"ix":4},"sa":{"a":0,"k":0,"ix":5},"nm":"Transform"}],"nm":"Group 2","np":2,"cix":2,"bm":0,"ix":2,"mn":"ADBE Vector Group","hd":false}],"ip":0,"op":300,"st":0,"bm":0},{"ddd":0,"ind":2,"ty":4,"nm":"torso","sr":1,"ks":{"o":{"a":0,"k":100,"ix":11},"r":{"a":0,"k":0,"ix":10},"p":{"a":0,"k":[549.838,514.733,0],"ix":2},"a":{"a":0,"k":[43.185,48.745,0],"ix":1},"s":{"a":0,"k":[100,100,100],"ix":6}},"ao":0,"shapes":[{"ty":"gr","it":[{"ind":0,"ty":"sh","ix":1,"ks":{"a":0,"k":{"i":[[-5.75,-13.66],[0.871,-0.5],[0,10.39],[-0.829,0],[0,-0.82]],"o":[[-0.859,0.52],[-5.9,-14.01],[0,-0.82],[0.83,0],[0,9.69]],"v":[[7.56,19.32],[4.96,20.85],[-7.56,-19.35],[-6.06,-20.85],[-4.56,-19.35]],"c":true},"ix":2},"nm":"Path 1","mn":"ADBE Vector Shape - Group","hd":false},{"ty":"fl","c":{"a":0,"k":[0.757000014361,0.231000010173,0.435000011968,1],"ix":4},"o":{"a":0,"k":100,"ix":5},"r":1,"bm":0,"nm":"Fill 1","mn":"ADBE Vector Graphic - Fill","hd":false},{"ty":"tr","p":{"a":0,"k":[53.619,50.45],"ix":2},"a":{"a":0,"k":[0,0],"ix":1},"s":{"a":0,"k":[100,100],"ix":3},"r":{"a":0,"k":0,"ix":6},"o":{"a":0,"k":100,"ix":7},"sk":{"a":0,"k":0,"ix":4},"sa":{"a":0,"k":0,"ix":5},"nm":"Transform"}],"nm":"Group 1","np":2,"cix":2,"bm":0,"ix":1,"mn":"ADBE Vector Group","hd":false},{"ty":"gr","it":[{"ind":0,"ty":"sh","ix":1,"ks":{"a":0,"k":{"i":[[0,0],[0.013,0.821],[-0.227,0.153],[-0.462,-0.687],[0.673,-0.467],[-0.158,-10.626],[0.829,-0.013]],"o":[[-0.818,0],[-0.186,-12.523],[0.688,-0.462],[0.459,0.681],[-0.11,0.083],[0.012,0.828],[0,0]],"v":[[-2.362,9.174],[-3.862,7.696],[1.508,-8.712],[3.59,-8.305],[3.199,-6.234],[-0.862,7.652],[-2.341,9.174]],"c":true},"ix":2},"nm":"Path 1","mn":"ADBE Vector Shape - Group","hd":false},{"ty":"fl","c":{"a":0,"k":[0.757000014361,0.231000010173,0.435000011968,1],"ix":4},"o":{"a":0,"k":100,"ix":5},"r":1,"bm":0,"nm":"Fill 1","mn":"ADBE Vector Graphic - Fill","hd":false},{"ty":"tr","p":{"a":0,"k":[49.746,17.49],"ix":2},"a":{"a":0,"k":[0,0],"ix":1},"s":{"a":0,"k":[100,100],"ix":3},"r":{"a":0,"k":0,"ix":6},"o":{"a":0,"k":100,"ix":7},"sk":{"a":0,"k":0,"ix":4},"sa":{"a":0,"k":0,"ix":5},"nm":"Transform"}],"nm":"Group 2","np":2,"cix":2,"bm":0,"ix":2,"mn":"ADBE Vector Group","hd":false},{"ty":"gr","it":[{"ind":0,"ty":"sh","ix":1,"ks":{"a":0,"k":{"i":[[-7.271,-14.07],[8.75,-5.2],[0.87,-0.5],[15.74,-5.96],[1.66,-0.6],[1.28,-0.44],[-0.08,-0.04],[0.19,0.009],[0.02,-0.01],[1.49,-0.5],[0,0],[0,0],[0,0],[0,0],[0,0],[0,0],[0,0],[-4.07,1.75],[-0.17,0.04],[0,0],[-15.47,13.13],[0,0],[0,0],[-1.96,-2.641],[-1.77,-2.68]],"o":[[-7.86,6.08],[-0.86,0.52],[-13.97,8.11],[-1.64,0.63],[-1.27,0.46],[0.08,0.041],[-0.2,0],[-0.01,0],[-1.48,0.51],[0,0],[0,0],[0,0],[0,0],[0,0],[0,0],[0,0],[0.72,-4.761],[2.79,-1.2],[0,0],[0.07,0.31],[0,0],[0,0],[3.21,0.731],[0.45,0.609],[5.349,8.08]],"v":[[42.935,4.115],[17.995,21.025],[15.395,22.555],[-29.295,43.655],[-34.255,45.495],[-38.075,46.845],[-37.845,46.975],[-38.425,46.966],[-38.475,46.985],[-42.935,48.495],[-42.785,44.185],[-42.525,40.865],[-40.955,20.555],[-39.745,5.015],[-38.985,-4.735],[-38.055,-16.815],[-36.775,-37.074],[-26.925,-46.685],[-21.635,-48.495],[-21.625,-48.495],[-2.885,-46.905],[-2.725,-46.864],[8.755,-44.265],[16.755,-39.034],[20.235,-33.915]],"c":true},"ix":2},"nm":"Path 1","mn":"ADBE Vector Shape - Group","hd":false},{"ty":"fl","c":{"a":0,"k":[0.961000031116,0.298000021542,0.552999997606,1],"ix":4},"o":{"a":0,"k":100,"ix":5},"r":1,"bm":0,"nm":"Fill 1","mn":"ADBE Vector Graphic - Fill","hd":false},{"ty":"tr","p":{"a":0,"k":[43.185,48.745],"ix":2},"a":{"a":0,"k":[0,0],"ix":1},"s":{"a":0,"k":[100,100],"ix":3},"r":{"a":0,"k":0,"ix":6},"o":{"a":0,"k":100,"ix":7},"sk":{"a":0,"k":0,"ix":4},"sa":{"a":0,"k":0,"ix":5},"nm":"Transform"}],"nm":"Group 3","np":2,"cix":2,"bm":0,"ix":3,"mn":"ADBE Vector Group","hd":false}],"ip":0,"op":300,"st":0,"bm":0},{"ddd":0,"ind":3,"ty":4,"nm":"face","sr":1,"ks":{"o":{"a":0,"k":100,"ix":11},"r":{"a":1,"k":[{"i":{"x":[0.667],"y":[1]},"o":{"x":[0.333],"y":[0]},"t":0,"s":[-30]},{"i":{"x":[0.667],"y":[1]},"o":{"x":[0.333],"y":[0]},"t":20,"s":[0]},{"i":{"x":[0.667],"y":[1]},"o":{"x":[0.333],"y":[0]},"t":40,"s":[-10]},{"i":{"x":[0.667],"y":[1]},"o":{"x":[0.333],"y":[0]},"t":60,"s":[0]},{"i":{"x":[0.667],"y":[1]},"o":{"x":[0.333],"y":[0]},"t":76,"s":[-10]},{"t":96,"s":[-30]}],"ix":10},"p":{"a":0,"k":[543.644,451.778,0],"ix":2},"a":{"a":0,"k":[21.545,55.856,0],"ix":1},"s":{"a":0,"k":[100,100,100],"ix":6}},"ao":0,"shapes":[{"ty":"gr","it":[{"ind":0,"ty":"sh","ix":1,"ks":{"a":0,"k":{"i":[[6.501,5.577],[-0.116,2.615],[0,0],[-1.666,-3.751]],"o":[[0,0],[0.066,-1.482],[0,0],[1.667,3.75]],"v":[[-6.417,0.375],[-2.172,-0.775],[-4.355,-2.701],[4.751,-2.201]],"c":true},"ix":2},"nm":"Path 1","mn":"ADBE Vector Shape - Group","hd":false},{"ty":"fl","c":{"a":0,"k":[1,0.532999973671,0.375999989229,1],"ix":4},"o":{"a":0,"k":100,"ix":5},"r":1,"bm":0,"nm":"Fill 1","mn":"ADBE Vector Graphic - Fill","hd":false},{"ty":"tr","p":{"a":0,"k":[43.179,48.999],"ix":2},"a":{"a":0,"k":[0,0],"ix":1},"s":{"a":0,"k":[100,100],"ix":3},"r":{"a":0,"k":0,"ix":6},"o":{"a":0,"k":100,"ix":7},"sk":{"a":0,"k":0,"ix":4},"sa":{"a":0,"k":0,"ix":5},"nm":"Transform"}],"nm":"Group 1","np":2,"cix":2,"bm":0,"ix":1,"mn":"ADBE Vector Group","hd":false},{"ty":"gr","it":[{"ind":0,"ty":"sh","ix":1,"ks":{"a":0,"k":{"i":[[0,0],[0,0],[-0.603,17.561]],"o":[[0.366,0.127],[0,0],[0,0]],"v":[[-6.01,-8.844],[6.248,-4.079],[-5.644,-8.717]],"c":true},"ix":2},"nm":"Path 1","mn":"ADBE Vector Shape - Group","hd":false},{"ty":"fl","c":{"a":0,"k":[1,1,1,1],"ix":4},"o":{"a":0,"k":100,"ix":5},"r":1,"bm":0,"nm":"Fill 1","mn":"ADBE Vector Graphic - Fill","hd":false},{"ty":"tr","p":{"a":0,"k":[17.042,48.871],"ix":2},"a":{"a":0,"k":[0,0],"ix":1},"s":{"a":0,"k":[100,100],"ix":3},"r":{"a":0,"k":0,"ix":6},"o":{"a":0,"k":100,"ix":7},"sk":{"a":0,"k":0,"ix":4},"sa":{"a":0,"k":0,"ix":5},"nm":"Transform"}],"nm":"Group 2","np":2,"cix":2,"bm":0,"ix":2,"mn":"ADBE Vector Group","hd":false},{"ty":"gr","it":[{"ind":0,"ty":"sh","ix":1,"ks":{"a":0,"k":{"i":[[0.781,-1.193],[0.565,0.369],[-0.781,1.193],[-0.565,-0.369]],"o":[[-0.78,1.194],[-0.564,-0.369],[0.781,-1.194],[0.564,0.37]],"v":[[1.022,0.668],[-1.414,2.161],[-1.022,-0.668],[1.414,-2.161]],"c":true},"ix":2},"nm":"Path 1","mn":"ADBE Vector Shape - Group","hd":false},{"ty":"fl","c":{"a":0,"k":[0.195999998205,0.219999994016,0.328999986836,1],"ix":4},"o":{"a":0,"k":100,"ix":5},"r":1,"bm":0,"nm":"Fill 1","mn":"ADBE Vector Graphic - Fill","hd":false},{"ty":"tr","p":{"a":0,"k":[27.322,35.197],"ix":2},"a":{"a":0,"k":[0,0],"ix":1},"s":{"a":0,"k":[100,100],"ix":3},"r":{"a":0,"k":0,"ix":6},"o":{"a":0,"k":100,"ix":7},"sk":{"a":0,"k":0,"ix":4},"sa":{"a":0,"k":0,"ix":5},"nm":"Transform"}],"nm":"Group 3","np":2,"cix":2,"bm":0,"ix":3,"mn":"ADBE Vector Group","hd":false},{"ty":"gr","it":[{"ind":0,"ty":"sh","ix":1,"ks":{"a":0,"k":{"i":[[0.781,-1.193],[0.564,0.369],[-0.782,1.193],[-0.564,-0.369]],"o":[[-0.781,1.194],[-0.564,-0.369],[0.78,-1.194],[0.565,0.37]],"v":[[1.022,0.668],[-1.414,2.161],[-1.022,-0.668],[1.414,-2.161]],"c":true},"ix":2},"nm":"Path 1","mn":"ADBE Vector Shape - Group","hd":false},{"ty":"fl","c":{"a":0,"k":[0.195999998205,0.219999994016,0.328999986836,1],"ix":4},"o":{"a":0,"k":100,"ix":5},"r":1,"bm":0,"nm":"Fill 1","mn":"ADBE Vector Graphic - Fill","hd":false},{"ty":"tr","p":{"a":0,"k":[14.668,26.75],"ix":2},"a":{"a":0,"k":[0,0],"ix":1},"s":{"a":0,"k":[100,100],"ix":3},"r":{"a":0,"k":0,"ix":6},"o":{"a":0,"k":100,"ix":7},"sk":{"a":0,"k":0,"ix":4},"sa":{"a":0,"k":0,"ix":5},"nm":"Transform"}],"nm":"Group 4","np":2,"cix":2,"bm":0,"ix":4,"mn":"ADBE Vector Group","hd":false},{"ty":"gr","it":[{"ind":0,"ty":"sh","ix":1,"ks":{"a":0,"k":{"i":[[0,0],[-2.615,-4.147],[-13.165,1.739],[0,0],[-4.889,-3.728],[7.787,5.551],[3.819,-3.744]],"o":[[0,0],[2.616,4.147],[9.999,-1.321],[0,0],[0,0],[-7.786,-5.552],[-3.82,3.743]],"v":[[-23.363,-3.241],[-15.56,-7.935],[1.231,0.822],[4.096,21.575],[15.183,21.272],[15.576,-7.606],[-15.644,-17.831]],"c":true},"ix":2},"nm":"Path 1","mn":"ADBE Vector Shape - Group","hd":false},{"ty":"fl","c":{"a":0,"k":[0.195999998205,0.219999994016,0.328999986836,1],"ix":4},"o":{"a":0,"k":100,"ix":5},"r":1,"bm":0,"nm":"Fill 1","mn":"ADBE Vector Graphic - Fill","hd":false},{"ty":"tr","p":{"a":0,"k":[34.805,21.825],"ix":2},"a":{"a":0,"k":[0,0],"ix":1},"s":{"a":0,"k":[100,100],"ix":3},"r":{"a":0,"k":0,"ix":6},"o":{"a":0,"k":100,"ix":7},"sk":{"a":0,"k":0,"ix":4},"sa":{"a":0,"k":0,"ix":5},"nm":"Transform"}],"nm":"Group 5","np":2,"cix":2,"bm":0,"ix":5,"mn":"ADBE Vector Group","hd":false},{"ty":"gr","it":[{"ind":0,"ty":"sh","ix":1,"ks":{"a":0,"k":{"i":[[0,0],[-2.545,-9.024],[0.387,8.157]],"o":[[0,0],[2.546,9.023],[-0.386,-8.157]],"v":[[-8.363,-8.012],[8.014,-1.385],[-10.174,2.251]],"c":true},"ix":2},"nm":"Path 1","mn":"ADBE Vector Shape - Group","hd":false},{"ty":"fl","c":{"a":0,"k":[1,0.689999988032,0.475,1],"ix":4},"o":{"a":0,"k":100,"ix":5},"r":1,"bm":0,"nm":"Fill 1","mn":"ADBE Vector Graphic - Fill","hd":false},{"ty":"tr","p":{"a":0,"k":[44.275,48.303],"ix":2},"a":{"a":0,"k":[0,0],"ix":1},"s":{"a":0,"k":[100,100],"ix":3},"r":{"a":0,"k":0,"ix":6},"o":{"a":0,"k":100,"ix":7},"sk":{"a":0,"k":0,"ix":4},"sa":{"a":0,"k":0,"ix":5},"nm":"Transform"}],"nm":"Group 6","np":2,"cix":2,"bm":0,"ix":6,"mn":"ADBE Vector Group","hd":false},{"ty":"gr","it":[{"ind":0,"ty":"sh","ix":1,"ks":{"a":0,"k":{"i":[[0,0],[-2.049,-25.73],[-1.564,-0.801],[-6.292,5.998],[6.341,9.055]],"o":[[0,0],[0.14,1.751],[5.649,2.891],[7.967,-7.596],[-6.34,-9.054]],"v":[[-4.785,-28.836],[-25.382,15.595],[-22.65,19.706],[3.38,22.838],[21.09,-13.815]],"c":true},"ix":2},"nm":"Path 1","mn":"ADBE Vector Shape - Group","hd":false},{"ty":"fl","c":{"a":0,"k":[1,0.689999988032,0.475,1],"ix":4},"o":{"a":0,"k":100,"ix":5},"r":1,"bm":0,"nm":"Fill 1","mn":"ADBE Vector Graphic - Fill","hd":false},{"ty":"tr","p":{"a":0,"k":[27.681,34.448],"ix":2},"a":{"a":0,"k":[0,0],"ix":1},"s":{"a":0,"k":[100,100],"ix":3},"r":{"a":0,"k":0,"ix":6},"o":{"a":0,"k":100,"ix":7},"sk":{"a":0,"k":0,"ix":4},"sa":{"a":0,"k":0,"ix":5},"nm":"Transform"}],"nm":"Group 7","np":2,"cix":2,"bm":0,"ix":7,"mn":"ADBE Vector Group","hd":false}],"ip":0,"op":300,"st":0,"bm":0},{"ddd":0,"ind":4,"ty":4,"nm":"neck","sr":1,"ks":{"o":{"a":0,"k":100,"ix":11},"r":{"a":0,"k":0,"ix":10},"p":{"a":0,"k":[539.194,459.592,0],"ix":2},"a":{"a":0,"k":[13.248,20.488,0],"ix":1},"s":{"a":0,"k":[100,100,100],"ix":6}},"ao":0,"shapes":[{"ty":"gr","it":[{"ind":0,"ty":"sh","ix":1,"ks":{"a":0,"k":{"i":[[0,0],[0,0],[7.728,1.434],[0,0],[-0.581,0.411]],"o":[[0,0],[-6.047,3.998],[0,0],[0.555,-0.451],[0,0]],"v":[[11.696,-9.07],[9.008,4.013],[-11.696,11.148],[-7.084,-11.285],[-5.396,-12.582]],"c":true},"ix":2},"nm":"Path 1","mn":"ADBE Vector Shape - Group","hd":false},{"ty":"fl","c":{"a":0,"k":[1,0.532999973671,0.375999989229,1],"ix":4},"o":{"a":0,"k":100,"ix":5},"r":1,"bm":0,"nm":"Fill 1","mn":"ADBE Vector Graphic - Fill","hd":false},{"ty":"tr","p":{"a":0,"k":[14.55,13.113],"ix":2},"a":{"a":0,"k":[0,0],"ix":1},"s":{"a":0,"k":[100,100],"ix":3},"r":{"a":0,"k":0,"ix":6},"o":{"a":0,"k":100,"ix":7},"sk":{"a":0,"k":0,"ix":4},"sa":{"a":0,"k":0,"ix":5},"nm":"Transform"}],"nm":"Group 1","np":2,"cix":2,"bm":0,"ix":1,"mn":"ADBE Vector Group","hd":false},{"ty":"gr","it":[{"ind":0,"ty":"sh","ix":1,"ks":{"a":0,"k":{"i":[[0,0],[0,0],[0,0],[0,0]],"o":[[0,0],[0,0],[0,0],[0,0]],"v":[[12.998,-16.445],[5.458,20.238],[-12.998,16.444],[-5.458,-20.238]],"c":true},"ix":2},"nm":"Path 1","mn":"ADBE Vector Shape - Group","hd":false},{"ty":"fl","c":{"a":0,"k":[1,0.689999988032,0.475,1],"ix":4},"o":{"a":0,"k":100,"ix":5},"r":1,"bm":0,"nm":"Fill 1","mn":"ADBE Vector Graphic - Fill","hd":false},{"ty":"tr","p":{"a":0,"k":[13.248,20.488],"ix":2},"a":{"a":0,"k":[0,0],"ix":1},"s":{"a":0,"k":[100,100],"ix":3},"r":{"a":0,"k":0,"ix":6},"o":{"a":0,"k":100,"ix":7},"sk":{"a":0,"k":0,"ix":4},"sa":{"a":0,"k":0,"ix":5},"nm":"Transform"}],"nm":"Group 2","np":2,"cix":2,"bm":0,"ix":2,"mn":"ADBE Vector Group","hd":false}],"ip":0,"op":300,"st":0,"bm":0},{"ddd":0,"ind":5,"ty":4,"nm":"hair","parent":8,"sr":1,"ks":{"o":{"a":0,"k":100,"ix":11},"r":{"a":0,"k":0,"ix":10},"p":{"a":0,"k":[19.27,39.885,0],"ix":2},"a":{"a":0,"k":[56.783,51.244,0],"ix":1},"s":{"a":0,"k":[100,100,100],"ix":6}},"ao":0,"shapes":[{"ty":"gr","it":[{"ind":0,"ty":"sh","ix":1,"ks":{"a":0,"k":{"i":[[-39.079,13.438],[-12.166,9.021],[0,0],[-11.231,-9.944],[11.003,-20.786],[16.133,-10.476],[0,0]],"o":[[8.552,-2.941],[12.844,-9.524],[0,0],[6.938,6.144],[-9.542,18.025],[-13.8,8.961],[0,0]],"v":[[-17.454,-14.775],[-1.298,-41.47],[15.993,-38.251],[38.049,-35.952],[42.46,6.044],[40.4,42.033],[-11.979,35.328]],"c":true},"ix":2},"nm":"Path 1","mn":"ADBE Vector Shape - Group","hd":false},{"ty":"fl","c":{"a":0,"k":[0.195999998205,0.219999994016,0.328999986836,1],"ix":4},"o":{"a":0,"k":100,"ix":5},"r":1,"bm":0,"nm":"Fill 1","mn":"ADBE Vector Graphic - Fill","hd":false},{"ty":"tr","p":{"a":0,"k":[56.783,51.244],"ix":2},"a":{"a":0,"k":[0,0],"ix":1},"s":{"a":0,"k":[100,100],"ix":3},"r":{"a":0,"k":0,"ix":6},"o":{"a":0,"k":100,"ix":7},"sk":{"a":0,"k":0,"ix":4},"sa":{"a":0,"k":0,"ix":5},"nm":"Transform"}],"nm":"Group 1","np":2,"cix":2,"bm":0,"ix":1,"mn":"ADBE Vector Group","hd":false}],"ip":0,"op":300,"st":0,"bm":0},{"ddd":0,"ind":8,"ty":3,"nm":"face","sr":1,"ks":{"o":{"a":0,"k":100,"ix":11},"r":{"a":1,"k":[{"i":{"x":[0.667],"y":[1]},"o":{"x":[0.333],"y":[0]},"t":0,"s":[-30]},{"i":{"x":[0.667],"y":[1]},"o":{"x":[0.333],"y":[0]},"t":20,"s":[0]},{"i":{"x":[0.667],"y":[1]},"o":{"x":[0.333],"y":[0]},"t":40,"s":[-10]},{"i":{"x":[0.667],"y":[1]},"o":{"x":[0.333],"y":[0]},"t":60,"s":[0]},{"i":{"x":[0.667],"y":[1]},"o":{"x":[0.333],"y":[0]},"t":76,"s":[-10]},{"t":96,"s":[-30]}],"ix":10},"p":{"a":0,"k":[543.644,451.778,0],"ix":2},"a":{"a":0,"k":[21.545,55.856,0],"ix":1},"s":{"a":0,"k":[100,100,100],"ix":6}},"ao":0,"ip":0,"op":300,"st":0,"bm":0},{"ddd":0,"ind":15,"ty":4,"nm":"mail","sr":1,"ks":{"o":{"a":0,"k":99,"ix":11},"r":{"a":0,"k":0,"ix":10},"p":{"a":0,"k":[365.197,379.097,0],"ix":2},"a":{"a":0,"k":[1824.268,1120.679,0],"ix":1},"s":{"a":0,"k":[26.5,26.5,100],"ix":6}},"ao":0,"shapes":[{"ty":"gr","it":[{"ind":0,"ty":"sh","ix":1,"ks":{"a":1,"k":[{"i":{"x":0.833,"y":1},"o":{"x":1,"y":0},"t":6,"s":[{"i":[[1.212,0.293],[-0.053,1.063],[-0.465,1.092],[-2.964,0.923],[0,0],[-2.408,-1.462],[-0.75,-0.938],[9.093,-10.048]],"o":[[-13.028,-3.146],[0.06,-1.209],[1.127,-2.65],[0,0],[2.9,-0.902],[1.008,0.612],[0.699,0.874],[-0.845,0.934]],"v":[[11.967,33.017],[-77.516,10.287],[-76.716,6.809],[-70.385,1.081],[66.005,-41.368],[74.313,-40.349],[76.976,-38.011],[15.15,32.025]],"c":true}]},{"i":{"x":0.833,"y":1},"o":{"x":0.167,"y":0},"t":12,"s":[{"i":[[1.113,-0.027],[12.953,-2.709],[-0.38,0.852],[-2.964,0.923],[0,0],[-2.227,-0.88],[0.429,-0.708],[10.164,-6.61]],"o":[[-11.959,0.286],[-0.893,-0.313],[0.756,-1.716],[0,0],[2.9,-0.903],[0.932,0.368],[-12.428,5.23],[-0.945,0.614]],"v":[[4.34,8.53],[-73.957,7.989],[-75.054,6.191],[-70.014,2.274],[66.374,-40.184],[72.789,-39.988],[73.406,-38.058],[7.523,7.538]],"c":true}]},{"i":{"x":0.833,"y":1},"o":{"x":0.167,"y":0},"t":13.2,"s":[{"i":[[1.022,-0.318],[22.981,-7.154],[-0.472,0.148],[-2.964,0.923],[0,0],[-1.781,0.553],[1.404,-0.438],[11.142,-3.471]],"o":[[-10.983,3.42],[-1.629,0.507],[0.69,-0.217],[0,0],[2.899,-0.903],[0.745,-0.231],[-23.438,7.303],[-1.036,0.323]],"v":[[-4.379,-19.464],[-72.465,1.734],[-74.732,2.437],[-70.385,1.081],[65.996,-41.397],[70.589,-42.826],[69.196,-42.389],[-1.196,-20.456]],"c":true}]},{"i":{"x":0.833,"y":1},"o":{"x":0.167,"y":0},"t":14.4,"s":[{"i":[[0,0],[0.003,-0.005],[-0.001,-0.001],[-0.001,0],[0,0],[0.001,0.003],[0,0],[0.002,0]],"o":[[-0.002,0.002],[0,0],[0.001,0.002],[0,0],[0.001,0],[0,-0.001],[-0.005,-0.003],[0,0]],"v":[[-73.926,5.759],[-73.934,5.774],[-73.933,5.778],[-73.932,5.781],[-73.908,5.773],[-73.908,5.77],[-73.909,5.767],[-73.925,5.759]],"c":true}]},{"i":{"x":0.833,"y":1},"o":{"x":0.167,"y":0},"t":104.4,"s":[{"i":[[0,0],[0.003,-0.005],[-0.001,-0.001],[0,0],[0,0],[0.001,0.003],[0,0],[0.002,0]],"o":[[-0.001,0.002],[0,0],[0.001,0.002],[0,0],[0,0],[0,-0.001],[-0.005,-0.003],[0,0]],"v":[[-73.926,5.759],[-73.934,5.774],[-73.933,5.778],[-73.932,5.781],[-73.908,5.773],[-73.908,5.77],[-73.909,5.767],[-73.925,5.759]],"c":true}]},{"i":{"x":0.833,"y":1},"o":{"x":0.167,"y":0},"t":105.6,"s":[{"i":[[1.022,-0.318],[22.981,-7.154],[-0.472,0.148],[-2.964,0.923],[0,0],[-1.781,0.552],[1.404,-0.438],[11.142,-3.471]],"o":[[-10.983,3.42],[-1.629,0.507],[0.69,-0.217],[0,0],[2.899,-0.903],[0.745,-0.231],[-23.438,7.303],[-1.036,0.323]],"v":[[-4.379,-19.464],[-72.465,1.734],[-74.732,2.437],[-70.385,1.081],[65.996,-41.397],[70.589,-42.826],[69.197,-42.389],[-1.196,-20.456]],"c":true}]},{"i":{"x":0,"y":1},"o":{"x":0.167,"y":0},"t":106.8,"s":[{"i":[[1.113,-0.027],[12.953,-2.709],[-0.38,0.852],[-2.964,0.923],[0,0],[-2.227,-0.88],[0.429,-0.708],[10.164,-6.61]],"o":[[-11.959,0.286],[-0.893,-0.313],[0.756,-1.716],[0,0],[2.9,-0.903],[0.932,0.368],[-12.428,5.23],[-0.945,0.614]],"v":[[4.34,8.53],[-73.957,7.989],[-75.054,6.191],[-70.014,2.274],[66.374,-40.184],[72.789,-39.988],[73.406,-38.058],[7.523,7.538]],"c":true}]},{"i":{"x":0.833,"y":1},"o":{"x":0.167,"y":0},"t":112.8,"s":[{"i":[[1.212,0.293],[-0.052,1.063],[-0.465,1.092],[-2.964,0.923],[0,0],[-2.408,-1.462],[-0.75,-0.938],[9.093,-10.048]],"o":[[-13.028,-3.146],[0.06,-1.209],[1.127,-2.65],[0,0],[2.9,-0.902],[1.008,0.612],[0.699,0.874],[-0.845,0.934]],"v":[[11.967,33.017],[-77.516,10.287],[-76.716,6.809],[-70.385,1.081],[66.005,-41.368],[74.313,-40.349],[76.976,-38.011],[15.15,32.025]],"c":true}]},{"i":{"x":0.833,"y":1},"o":{"x":1,"y":0},"t":127.2,"s":[{"i":[[1.212,0.293],[-0.052,1.063],[-0.465,1.092],[-2.964,0.923],[0,0],[-2.408,-1.462],[-0.75,-0.938],[9.093,-10.048]],"o":[[-13.028,-3.146],[0.06,-1.209],[1.127,-2.65],[0,0],[2.9,-0.902],[1.008,0.612],[0.699,0.874],[-0.845,0.934]],"v":[[11.967,33.017],[-77.516,10.287],[-76.716,6.809],[-70.385,1.081],[66.005,-41.368],[74.313,-40.349],[76.976,-38.011],[15.15,32.025]],"c":true}]},{"i":{"x":0.833,"y":1},"o":{"x":0.167,"y":0},"t":133.2,"s":[{"i":[[1.113,-0.027],[12.953,-2.709],[-0.38,0.852],[-2.964,0.923],[0,0],[-2.227,-0.88],[0.429,-0.708],[10.164,-6.61]],"o":[[-11.959,0.286],[-0.893,-0.313],[0.756,-1.716],[0,0],[2.9,-0.903],[0.932,0.368],[-12.428,5.23],[-0.945,0.614]],"v":[[4.34,8.53],[-73.957,7.989],[-75.054,6.191],[-70.014,2.274],[66.374,-40.184],[72.789,-39.988],[73.406,-38.058],[7.523,7.538]],"c":true}]},{"i":{"x":0.833,"y":1},"o":{"x":0.167,"y":0},"t":134.4,"s":[{"i":[[1.022,-0.318],[22.981,-7.154],[-0.472,0.148],[-2.964,0.923],[0,0],[-1.781,0.552],[1.404,-0.438],[11.142,-3.471]],"o":[[-10.983,3.42],[-1.629,0.507],[0.69,-0.217],[0,0],[2.899,-0.903],[0.745,-0.231],[-23.438,7.303],[-1.036,0.323]],"v":[[-4.379,-19.464],[-72.465,1.734],[-74.732,2.437],[-70.385,1.081],[65.996,-41.397],[70.589,-42.826],[69.197,-42.389],[-1.196,-20.456]],"c":true}]},{"i":{"x":0.833,"y":1},"o":{"x":0.167,"y":0},"t":135.6,"s":[{"i":[[0,0],[0.003,-0.005],[-0.001,-0.001],[0,0],[0,0],[0.001,0.003],[0,0],[0.002,0]],"o":[[-0.001,0.002],[0,0],[0.001,0.002],[0,0],[0,0],[0,-0.001],[-0.005,-0.003],[0,0]],"v":[[-73.926,5.759],[-73.934,5.774],[-73.933,5.778],[-73.932,5.781],[-73.908,5.773],[-73.908,5.77],[-73.909,5.767],[-73.925,5.759]],"c":true}]},{"i":{"x":0.833,"y":1},"o":{"x":0.167,"y":0},"t":225.6,"s":[{"i":[[0,0],[0.003,-0.005],[-0.001,-0.001],[0,0],[0,0],[0.001,0.003],[0,0],[0.002,0]],"o":[[-0.001,0.002],[0,0],[0.001,0.002],[0,0],[0,0],[0,-0.001],[-0.005,-0.003],[0,0]],"v":[[-73.926,5.759],[-73.934,5.774],[-73.933,5.778],[-73.932,5.781],[-73.908,5.773],[-73.908,5.77],[-73.909,5.767],[-73.925,5.759]],"c":true}]},{"i":{"x":0.833,"y":1},"o":{"x":0.167,"y":0},"t":226.8,"s":[{"i":[[1.022,-0.318],[22.981,-7.154],[-0.472,0.148],[-2.964,0.923],[0,0],[-1.781,0.552],[1.404,-0.438],[11.142,-3.471]],"o":[[-10.983,3.42],[-1.629,0.507],[0.69,-0.217],[0,0],[2.899,-0.903],[0.745,-0.231],[-23.438,7.303],[-1.036,0.323]],"v":[[-4.379,-19.464],[-72.465,1.734],[-74.732,2.437],[-70.385,1.081],[65.996,-41.397],[70.589,-42.826],[69.197,-42.389],[-1.196,-20.456]],"c":true}]},{"i":{"x":0,"y":1},"o":{"x":0.167,"y":0},"t":228,"s":[{"i":[[1.113,-0.027],[12.953,-2.709],[-0.38,0.852],[-2.964,0.923],[0,0],[-2.227,-0.88],[0.429,-0.708],[10.164,-6.61]],"o":[[-11.959,0.286],[-0.893,-0.313],[0.756,-1.716],[0,0],[2.9,-0.903],[0.932,0.368],[-12.428,5.23],[-0.945,0.614]],"v":[[4.34,8.53],[-73.957,7.989],[-75.054,6.191],[-70.014,2.274],[66.374,-40.184],[72.789,-39.988],[73.406,-38.058],[7.523,7.538]],"c":true}]},{"t":233.999609375,"s":[{"i":[[1.212,0.293],[-0.052,1.063],[-0.465,1.092],[-2.964,0.923],[0,0],[-2.408,-1.462],[-0.75,-0.938],[9.093,-10.048]],"o":[[-13.028,-3.146],[0.06,-1.209],[1.127,-2.65],[0,0],[2.9,-0.902],[1.008,0.612],[0.699,0.874],[-0.845,0.934]],"v":[[11.967,33.017],[-77.516,10.287],[-76.716,6.809],[-70.385,1.081],[66.005,-41.368],[74.313,-40.349],[76.976,-38.011],[15.15,32.025]],"c":true}]}],"ix":2},"nm":"Path 1","mn":"ADBE Vector Shape - Group","hd":false},{"ty":"fl","c":{"a":0,"k":[1,0.835294187069,0.309803932905,1],"ix":4},"o":{"a":1,"k":[{"i":{"x":[0.833],"y":[0.833]},"o":{"x":[0.167],"y":[0.167]},"t":12,"s":[100]},{"i":{"x":[0.833],"y":[1]},"o":{"x":[0.167],"y":[0]},"t":13.2,"s":[0]},{"i":{"x":[0.833],"y":[0.833]},"o":{"x":[0.167],"y":[0.167]},"t":104.4,"s":[0]},{"i":{"x":[0.833],"y":[1]},"o":{"x":[0.167],"y":[0]},"t":105.6,"s":[100]},{"i":{"x":[0.833],"y":[0.833]},"o":{"x":[0.167],"y":[0.167]},"t":133.2,"s":[100]},{"i":{"x":[0.833],"y":[1]},"o":{"x":[0.167],"y":[0]},"t":134.4,"s":[0]},{"i":{"x":[0.833],"y":[0.833]},"o":{"x":[0.167],"y":[0.167]},"t":225.6,"s":[0]},{"t":226.800390625,"s":[100]}],"ix":5},"r":1,"bm":0,"nm":"Fill 6","mn":"ADBE Vector Graphic - Fill","hd":false},{"ind":2,"ty":"sh","ix":3,"ks":{"a":0,"k":{"i":[[0,0],[4.2,-1.308],[0,0],[2.5,3.352],[0,0],[-2.717,0.813],[0,0]],"o":[[-0.18,4.162],[0,0],[-4.22,1.315],[0,0],[0,0],[2.717,-0.813],[0,0]],"v":[[103.625,47.302],[96.485,56.565],[-39.905,99.014],[-51.065,95.387],[5.902,26.402],[11.27,22.465],[17.541,22.927]],"c":true},"ix":2},"nm":"Path 2","mn":"ADBE Vector Shape - Group","hd":false},{"ty":"fl","c":{"a":0,"k":[1,0.627451002598,0,1],"ix":4},"o":{"a":0,"k":100,"ix":5},"r":1,"bm":0,"nm":"Fill 5","mn":"ADBE Vector Graphic - Fill","hd":false},{"ind":4,"ty":"sh","ix":5,"ks":{"a":0,"k":{"i":[[-1.69,-5.354],[0,0],[0.05,-1.142],[4.2,-1.308],[0,0],[2.5,3.352],[0.36,1.136],[0,0],[-6.374,-1.622],[0,0],[0,0]],"o":[[0,0],[0.36,1.157],[-0.18,4.162],[0,0],[-4.22,1.315],[-0.68,-0.903],[0,0],[-1.67,-5.372],[0,0],[0,0],[4.139,-4.613]],"v":[[78.958,-33.99],[103.175,43.824],[103.625,47.302],[96.485,56.565],[-39.905,99.014],[-51.065,95.387],[-52.635,92.318],[-76.841,14.537],[-68.329,7.683],[12.317,29.181],[68.061,-34.766]],"c":true},"ix":2},"nm":"Path 4","mn":"ADBE Vector Shape - Group","hd":false},{"ty":"fl","c":{"a":0,"k":[1,0.756862819195,0.027450982481,1],"ix":4},"o":{"a":0,"k":100,"ix":5},"r":1,"bm":0,"nm":"Fill 4","mn":"ADBE Vector Graphic - Fill","hd":false},{"ty":"tr","p":{"a":0,"k":[1801.139,934.164],"ix":2},"a":{"a":0,"k":[0,0],"ix":1},"s":{"a":0,"k":[594,594],"ix":3},"r":{"a":0,"k":17.3,"ix":6},"o":{"a":0,"k":100,"ix":7},"sk":{"a":0,"k":0,"ix":4},"sa":{"a":0,"k":0,"ix":5},"nm":"Transform"}],"nm":"front","np":6,"cix":2,"bm":0,"ix":1,"mn":"ADBE Vector Group","hd":false},{"ty":"gr","it":[{"ty":"gr","it":[{"ind":0,"ty":"sh","ix":1,"ks":{"a":0,"k":{"i":[[0,0],[0,0]],"o":[[0,0],[0,0]],"v":[[1741.752,1155.556],[1787.515,1141.378]],"c":false},"ix":2},"nm":"Path 1","mn":"ADBE Vector Shape - Group","hd":false},{"ind":1,"ty":"sh","ix":2,"ks":{"a":0,"k":{"i":[[0,0],[0,0]],"o":[[0,0],[0,0]],"v":[[1746.435,1170.589],[1844.124,1140.151]],"c":false},"ix":2},"nm":"Path 2","mn":"ADBE Vector Shape - Group","hd":false},{"ty":"rp","c":{"a":0,"k":4,"ix":1},"o":{"a":0,"k":0,"ix":2},"m":1,"ix":3,"tr":{"ty":"tr","p":{"a":0,"k":[5,15],"ix":2},"a":{"a":0,"k":[0,0],"ix":1},"s":{"a":0,"k":[100,100],"ix":3},"r":{"a":0,"k":0,"ix":4},"so":{"a":0,"k":100,"ix":5},"eo":{"a":0,"k":100,"ix":6},"nm":"Transform"},"nm":"Repeater 1","mn":"ADBE Vector Filter - Repeater","hd":false},{"ty":"tm","s":{"a":0,"k":0,"ix":1},"e":{"a":1,"k":[{"i":{"x":[0.667],"y":[1]},"o":{"x":[0.333],"y":[0]},"t":20.4,"s":[0]},{"i":{"x":[0.667],"y":[1]},"o":{"x":[0.167],"y":[0]},"t":55.2,"s":[100]},{"i":{"x":[0.833],"y":[1]},"o":{"x":[0.167],"y":[0]},"t":126,"s":[100]},{"i":{"x":[0.833],"y":[1]},"o":{"x":[0.333],"y":[0]},"t":127.2,"s":[0]},{"i":{"x":[0.667],"y":[1]},"o":{"x":[0.333],"y":[0]},"t":141.6,"s":[0]},{"t":176.4,"s":[100]}],"ix":2},"o":{"a":0,"k":0,"ix":3},"m":2,"ix":4,"nm":"Trim Paths 1","mn":"ADBE Vector Filter - Trim","hd":false},{"ty":"st","c":{"a":0,"k":[0.858823529412,0.929411764706,0.952941176471,1],"ix":3},"o":{"a":0,"k":100,"ix":4},"w":{"a":0,"k":5,"ix":5},"lc":1,"lj":1,"ml":4,"bm":0,"nm":"Stroke 1","mn":"ADBE Vector Graphic - Stroke","hd":false},{"ty":"tr","p":{"a":0,"k":[-1792,-1153],"ix":2},"a":{"a":0,"k":[0,0],"ix":1},"s":{"a":0,"k":[100,100],"ix":3},"r":{"a":0,"k":0,"ix":6},"o":{"a":0,"k":100,"ix":7},"sk":{"a":0,"k":0,"ix":4},"sa":{"a":0,"k":0,"ix":5},"nm":"Transform"}],"nm":"text lines","np":5,"cix":2,"bm":0,"ix":1,"mn":"ADBE Vector Group","hd":false},{"ty":"gr","it":[{"ind":0,"ty":"sh","ix":1,"ks":{"a":0,"k":{"i":[[-1.395,2.829],[0,0],[3.69,-1.152],[0,0],[1.152,3.69],[0,0],[-3.691,1.15],[0,0]],"o":[[0,0],[1.152,3.69],[0,0],[-3.69,1.152],[0,0],[0,0.009],[0,0],[0.495,7.711]],"v":[[1859.12,1105.038],[1886.121,1191.558],[1881.524,1200.325],[1753.446,1240.409],[1744.678,1235.813],[1717.677,1149.303],[1724.362,1147.237],[1859.189,1105.057]],"c":true},"ix":2},"nm":"Path 1","mn":"ADBE Vector Shape - Group","hd":false},{"ty":"fl","c":{"a":0,"k":[1,1,1,1],"ix":4},"o":{"a":0,"k":100,"ix":5},"r":1,"bm":0,"nm":"Fill 3","mn":"ADBE Vector Graphic - Fill","hd":false},{"ty":"tr","p":{"a":0,"k":[-1792,-1153],"ix":2},"a":{"a":0,"k":[0,0],"ix":1},"s":{"a":0,"k":[100,100],"ix":3},"r":{"a":0,"k":0,"ix":6},"o":{"a":0,"k":100,"ix":7},"sk":{"a":0,"k":0,"ix":4},"sa":{"a":0,"k":0,"ix":5},"nm":"Transform"}],"nm":"white paper","np":2,"cix":2,"bm":0,"ix":2,"mn":"ADBE Vector Group","hd":false},{"ty":"tr","p":{"a":1,"k":[{"i":{"x":1,"y":1},"o":{"x":0.333,"y":0},"t":16.8,"s":[1801.139,977.164],"to":[0,-35.5],"ti":[0,35.5]},{"t":34.8,"s":[1801.139,764.164],"h":1},{"i":{"x":0,"y":1},"o":{"x":0.167,"y":0.167},"t":86.4,"s":[1801.139,764.164],"to":[0,35.5],"ti":[0,-35.5]},{"i":{"x":0.833,"y":1},"o":{"x":0.167,"y":0},"t":104.4,"s":[1801.139,977.164],"to":[0,35.5],"ti":[0,0]},{"i":{"x":1,"y":1},"o":{"x":0.333,"y":0},"t":138,"s":[1801.139,977.164],"to":[0,-35.5],"ti":[0,35.5]},{"t":156,"s":[1801.139,764.164],"h":1},{"i":{"x":0,"y":1},"o":{"x":0.167,"y":0.167},"t":207.6,"s":[1801.139,764.164],"to":[0,35.5],"ti":[0,-35.5]},{"t":225.6001953125,"s":[1801.139,977.164]}],"ix":2},"a":{"a":0,"k":[0,0],"ix":1},"s":{"a":0,"k":[594,594],"ix":3},"r":{"a":0,"k":17.3,"ix":6},"o":{"a":0,"k":100,"ix":7},"sk":{"a":0,"k":0,"ix":4},"sa":{"a":0,"k":0,"ix":5},"nm":"Transform"}],"nm":"document","np":2,"cix":2,"bm":0,"ix":2,"mn":"ADBE Vector Group","hd":false},{"ty":"gr","it":[{"ind":0,"ty":"sh","ix":1,"ks":{"a":1,"k":[{"i":{"x":0.833,"y":1},"o":{"x":0.167,"y":0},"t":12,"s":[{"i":[[-0.758,-2.403],[0,0],[0.05,-1.142],[4.2,-1.308],[0,0],[2.5,3.352],[0.36,1.136],[0,0],[-0.788,2.059],[-14.49,5.196],[-2.265,0.603],[-2.109,-1.321]],"o":[[0,0],[0.36,1.157],[-0.18,4.162],[0,0],[-4.22,1.315],[-0.68,-0.903],[0,0],[-0.707,-2.273],[0.933,-2.439],[2.197,-0.788],[14.919,-3.974],[1.978,1.239]],"v":[[78.735,-34.708],[103.175,43.824],[103.625,47.302],[96.485,56.565],[-39.905,99.014],[-51.065,95.387],[-52.635,92.318],[-77.065,13.819],[-76.632,7.874],[-6.935,-15.232],[0.09,-17.423],[74.435,-40.273]],"c":true}]},{"i":{"x":0,"y":1},"o":{"x":0.167,"y":0},"t":13.2,"s":[{"i":[[-0.758,-2.403],[0,0],[0.05,-1.142],[4.2,-1.308],[0,0],[2.5,3.352],[0.36,1.136],[0,0],[-0.788,2.059],[-13.999,6.772],[-2.338,0.367],[-2.109,-1.321]],"o":[[0,0],[0.36,1.157],[-0.18,4.162],[0,0],[-4.22,1.315],[-0.68,-0.903],[0,0],[-0.707,-2.273],[0.933,-2.439],[2.122,-1.027],[15.402,-2.421],[1.978,1.239]],"v":[[78.735,-34.708],[103.175,43.824],[103.625,47.302],[96.485,56.565],[-39.905,99.014],[-51.065,95.387],[-52.635,92.318],[-77.065,13.819],[-76.632,7.874],[-11.418,-32.357],[-4.394,-34.553],[74.435,-40.273]],"c":true}]},{"i":{"x":0,"y":1},"o":{"x":0.333,"y":0},"t":21.6,"s":[{"i":[[-0.758,-2.403],[0,0],[0.05,-1.142],[4.2,-1.308],[0,0],[2.5,3.352],[0.36,1.136],[0,0],[-0.788,2.059],[-11.355,15.263],[-2.734,-0.902],[-2.109,-1.321]],"o":[[0,0],[0.36,1.157],[-0.18,4.162],[0,0],[-4.22,1.315],[-0.68,-0.903],[0,0],[-0.707,-2.273],[0.933,-2.439],[1.721,-2.314],[18.008,5.945],[1.978,1.239]],"v":[[78.735,-34.708],[103.175,43.824],[103.625,47.302],[96.485,56.565],[-39.905,99.014],[-51.065,95.387],[-52.635,92.318],[-77.065,13.819],[-76.632,7.874],[-21.154,-67.958],[-14.138,-70.18],[74.435,-40.273]],"c":true}]},{"i":{"x":0.833,"y":1},"o":{"x":1,"y":0},"t":97.2,"s":[{"i":[[-0.758,-2.403],[0,0],[0.05,-1.142],[4.2,-1.308],[0,0],[2.5,3.352],[0.36,1.136],[0,0],[-0.788,2.059],[-11.355,15.263],[-2.734,-0.902],[-2.109,-1.321]],"o":[[0,0],[0.36,1.157],[-0.18,4.162],[0,0],[-4.22,1.315],[-0.68,-0.903],[0,0],[-0.707,-2.273],[0.933,-2.439],[1.721,-2.314],[18.008,5.945],[1.978,1.239]],"v":[[78.735,-34.708],[103.175,43.824],[103.625,47.302],[96.485,56.565],[-39.905,99.014],[-51.065,95.387],[-52.635,92.318],[-77.065,13.819],[-76.632,7.874],[-21.154,-67.958],[-14.138,-70.18],[74.435,-40.273]],"c":true}]},{"i":{"x":0.833,"y":1},"o":{"x":0.167,"y":0},"t":105.6,"s":[{"i":[[-0.758,-2.403],[0,0],[0.05,-1.142],[4.2,-1.308],[0,0],[2.5,3.352],[0.36,1.136],[0,0],[-0.788,2.059],[-13.999,6.772],[-2.338,0.367],[-2.109,-1.321]],"o":[[0,0],[0.36,1.157],[-0.18,4.162],[0,0],[-4.22,1.315],[-0.68,-0.903],[0,0],[-0.707,-2.273],[0.933,-2.439],[2.122,-1.027],[15.402,-2.421],[1.978,1.239]],"v":[[78.735,-34.708],[103.175,43.824],[103.625,47.302],[96.485,56.565],[-39.905,99.014],[-51.065,95.387],[-52.635,92.318],[-77.065,13.819],[-76.632,7.874],[-11.418,-32.357],[-4.394,-34.553],[74.435,-40.273]],"c":true}]},{"i":{"x":0.833,"y":1},"o":{"x":0.167,"y":0},"t":106.8,"s":[{"i":[[-0.758,-2.403],[0,0],[0.05,-1.142],[4.2,-1.308],[0,0],[2.5,3.352],[0.36,1.136],[0,0],[-0.788,2.059],[-14.49,5.196],[-2.265,0.603],[-2.109,-1.321]],"o":[[0,0],[0.36,1.157],[-0.18,4.162],[0,0],[-4.22,1.315],[-0.68,-0.903],[0,0],[-0.707,-2.273],[0.933,-2.439],[2.197,-0.788],[14.919,-3.974],[1.978,1.239]],"v":[[78.735,-34.708],[103.175,43.824],[103.625,47.302],[96.485,56.565],[-39.905,99.014],[-51.065,95.387],[-52.635,92.318],[-77.065,13.819],[-76.632,7.874],[-6.935,-15.232],[0.09,-17.423],[74.435,-40.273]],"c":true}]},{"i":{"x":0.833,"y":1},"o":{"x":0.167,"y":0},"t":133.2,"s":[{"i":[[-0.758,-2.403],[0,0],[0.05,-1.142],[4.2,-1.308],[0,0],[2.5,3.352],[0.36,1.136],[0,0],[-0.788,2.059],[-14.49,5.196],[-2.265,0.603],[-2.109,-1.321]],"o":[[0,0],[0.36,1.157],[-0.18,4.162],[0,0],[-4.22,1.315],[-0.68,-0.903],[0,0],[-0.707,-2.273],[0.933,-2.439],[2.197,-0.788],[14.919,-3.974],[1.978,1.239]],"v":[[78.735,-34.708],[103.175,43.824],[103.625,47.302],[96.485,56.565],[-39.905,99.014],[-51.065,95.387],[-52.635,92.318],[-77.065,13.819],[-76.632,7.874],[-6.935,-15.232],[0.09,-17.423],[74.435,-40.273]],"c":true}]},{"i":{"x":0,"y":1},"o":{"x":0.167,"y":0},"t":134.4,"s":[{"i":[[-0.758,-2.403],[0,0],[0.05,-1.142],[4.2,-1.308],[0,0],[2.5,3.352],[0.36,1.136],[0,0],[-0.788,2.059],[-13.999,6.772],[-2.338,0.367],[-2.109,-1.321]],"o":[[0,0],[0.36,1.157],[-0.18,4.162],[0,0],[-4.22,1.315],[-0.68,-0.903],[0,0],[-0.707,-2.273],[0.933,-2.439],[2.122,-1.027],[15.402,-2.421],[1.978,1.239]],"v":[[78.735,-34.708],[103.175,43.824],[103.625,47.302],[96.485,56.565],[-39.905,99.014],[-51.065,95.387],[-52.635,92.318],[-77.065,13.819],[-76.632,7.874],[-11.418,-32.357],[-4.394,-34.553],[74.435,-40.273]],"c":true}]},{"i":{"x":0,"y":1},"o":{"x":0.333,"y":0},"t":142.8,"s":[{"i":[[-0.758,-2.403],[0,0],[0.05,-1.142],[4.2,-1.308],[0,0],[2.5,3.352],[0.36,1.136],[0,0],[-0.788,2.059],[-11.355,15.263],[-2.734,-0.902],[-2.109,-1.321]],"o":[[0,0],[0.36,1.157],[-0.18,4.162],[0,0],[-4.22,1.315],[-0.68,-0.903],[0,0],[-0.707,-2.273],[0.933,-2.439],[1.721,-2.314],[18.008,5.945],[1.978,1.239]],"v":[[78.735,-34.708],[103.175,43.824],[103.625,47.302],[96.485,56.565],[-39.905,99.014],[-51.065,95.387],[-52.635,92.318],[-77.065,13.819],[-76.632,7.874],[-21.154,-67.958],[-14.138,-70.18],[74.435,-40.273]],"c":true}]},{"i":{"x":0.833,"y":1},"o":{"x":1,"y":0},"t":218.4,"s":[{"i":[[-0.758,-2.403],[0,0],[0.05,-1.142],[4.2,-1.308],[0,0],[2.5,3.352],[0.36,1.136],[0,0],[-0.788,2.059],[-11.355,15.263],[-2.734,-0.902],[-2.109,-1.321]],"o":[[0,0],[0.36,1.157],[-0.18,4.162],[0,0],[-4.22,1.315],[-0.68,-0.903],[0,0],[-0.707,-2.273],[0.933,-2.439],[1.721,-2.314],[18.008,5.945],[1.978,1.239]],"v":[[78.735,-34.708],[103.175,43.824],[103.625,47.302],[96.485,56.565],[-39.905,99.014],[-51.065,95.387],[-52.635,92.318],[-77.065,13.819],[-76.632,7.874],[-21.154,-67.958],[-14.138,-70.18],[74.435,-40.273]],"c":true}]},{"i":{"x":0.833,"y":1},"o":{"x":0.167,"y":0},"t":226.8,"s":[{"i":[[-0.758,-2.403],[0,0],[0.05,-1.142],[4.2,-1.308],[0,0],[2.5,3.352],[0.36,1.136],[0,0],[-0.788,2.059],[-13.999,6.772],[-2.338,0.367],[-2.109,-1.321]],"o":[[0,0],[0.36,1.157],[-0.18,4.162],[0,0],[-4.22,1.315],[-0.68,-0.903],[0,0],[-0.707,-2.273],[0.933,-2.439],[2.122,-1.027],[15.402,-2.421],[1.978,1.239]],"v":[[78.735,-34.708],[103.175,43.824],[103.625,47.302],[96.485,56.565],[-39.905,99.014],[-51.065,95.387],[-52.635,92.318],[-77.065,13.819],[-76.632,7.874],[-11.418,-32.357],[-4.394,-34.553],[74.435,-40.273]],"c":true}]},{"t":227.999609375,"s":[{"i":[[-0.758,-2.403],[0,0],[0.05,-1.142],[4.2,-1.308],[0,0],[2.5,3.352],[0.36,1.136],[0,0],[-0.788,2.059],[-14.49,5.196],[-2.265,0.603],[-2.109,-1.321]],"o":[[0,0],[0.36,1.157],[-0.18,4.162],[0,0],[-4.22,1.315],[-0.68,-0.903],[0,0],[-0.707,-2.273],[0.933,-2.439],[2.197,-0.788],[14.919,-3.974],[1.978,1.239]],"v":[[78.735,-34.708],[103.175,43.824],[103.625,47.302],[96.485,56.565],[-39.905,99.014],[-51.065,95.387],[-52.635,92.318],[-77.065,13.819],[-76.632,7.874],[-6.935,-15.232],[0.09,-17.423],[74.435,-40.273]],"c":true}]}],"ix":2},"nm":"Path 1","mn":"ADBE Vector Shape - Group","hd":false},{"ty":"fl","c":{"a":0,"k":[1,0.719999432564,0,1],"ix":4},"o":{"a":0,"k":100,"ix":5},"r":1,"bm":0,"nm":"Fill 3","mn":"ADBE Vector Graphic - Fill","hd":false},{"ty":"tr","p":{"a":0,"k":[1801.139,934.164],"ix":2},"a":{"a":0,"k":[0,0],"ix":1},"s":{"a":0,"k":[594,594],"ix":3},"r":{"a":0,"k":17.3,"ix":6},"o":{"a":0,"k":100,"ix":7},"sk":{"a":0,"k":0,"ix":4},"sa":{"a":0,"k":0,"ix":5},"nm":"Transform"}],"nm":"back 2","np":2,"cix":2,"bm":0,"ix":3,"mn":"ADBE Vector Group","hd":false}],"ip":0,"op":300,"st":-27.6,"bm":0},{"ddd":0,"ind":16,"ty":4,"nm":"Flying Mail - Lower","sr":1,"ks":{"o":{"a":0,"k":100,"ix":11},"r":{"a":0,"k":-3,"ix":10},"p":{"a":1,"k":[{"i":{"x":0.667,"y":1},"o":{"x":0.333,"y":0},"t":0,"s":[229.067,525.075,0],"to":[0,1.667,0],"ti":[0,0,0]},{"i":{"x":0.667,"y":1},"o":{"x":0.333,"y":0},"t":12.84,"s":[229.067,535.075,0],"to":[0,0,0],"ti":[0,0,0]},{"i":{"x":0.667,"y":1},"o":{"x":0.333,"y":0},"t":25.681,"s":[229.067,525.075,0],"to":[0,0,0],"ti":[0,0,0]},{"i":{"x":0.667,"y":1},"o":{"x":0.333,"y":0},"t":38.521,"s":[229.067,535.075,0],"to":[0,0,0],"ti":[0,0,0]},{"i":{"x":0.667,"y":1},"o":{"x":0.333,"y":0},"t":51.361,"s":[229.067,525.075,0],"to":[0,0,0],"ti":[0,0,0]},{"i":{"x":0.667,"y":1},"o":{"x":0.333,"y":0},"t":64.201,"s":[229.067,535.075,0],"to":[0,0,0],"ti":[0,0,0]},{"i":{"x":0.667,"y":1},"o":{"x":0.333,"y":0},"t":77.042,"s":[229.067,525.075,0],"to":[0,0,0],"ti":[0,0,0]},{"i":{"x":0.667,"y":1},"o":{"x":0.333,"y":0},"t":89.882,"s":[229.067,535.075,0],"to":[0,0,0],"ti":[0,0,0]},{"i":{"x":0.667,"y":1},"o":{"x":0.333,"y":0},"t":102.723,"s":[229.067,525.075,0],"to":[0,0,0],"ti":[0,0,0]},{"i":{"x":0.667,"y":1},"o":{"x":0.333,"y":0},"t":115.563,"s":[229.067,535.075,0],"to":[0,0,0],"ti":[0,1.667,0]},{"t":128.40234375,"s":[229.067,525.075,0]}],"ix":2},"a":{"a":0,"k":[70.146,42.364,0],"ix":1},"s":{"a":0,"k":[79,79,100],"ix":6}},"ao":0,"shapes":[{"ty":"gr","it":[{"ind":0,"ty":"sh","ix":1,"ks":{"a":0,"k":{"i":[[0,0],[-0.005,0.077],[1.861,0.929],[0,0],[1.494,-1.26],[0.056,-0.051],[0,0]],"o":[[0.009,-0.075],[0.108,-1.951],[0,0],[-1.861,-0.929],[-0.059,0.05],[0,0],[0,0]],"v":[[36.66,16.395],[36.679,16.167],[33.889,11.365],[-31.099,-21.066],[-36.614,-20.406],[-36.787,-20.256],[-12.091,21.995]],"c":true},"ix":2},"nm":"Path 1","mn":"ADBE Vector Shape - Group","hd":false},{"ty":"fl","c":{"a":0,"k":[1,0.838999968884,0.322000002394,1],"ix":4},"o":{"a":0,"k":100,"ix":5},"r":1,"bm":0,"nm":"Fill 1","mn":"ADBE Vector Graphic - Fill","hd":false},{"ty":"tr","p":{"a":0,"k":[83.745,22.562],"ix":2},"a":{"a":0,"k":[0,0],"ix":1},"s":{"a":0,"k":[100,100],"ix":3},"r":{"a":0,"k":0,"ix":6},"o":{"a":0,"k":100,"ix":7},"sk":{"a":0,"k":0,"ix":4},"sa":{"a":0,"k":0,"ix":5},"nm":"Transform"}],"nm":"Group 1","np":2,"cix":2,"bm":0,"ix":1,"mn":"ADBE Vector Group","hd":false},{"ty":"gr","it":[{"ind":0,"ty":"sh","ix":1,"ks":{"a":0,"k":{"i":[[0,0],[0.059,-0.05],[1.862,0.928],[0,0],[-0.108,1.951],[-0.007,0.075],[0,0]],"o":[[-0.055,0.052],[-1.494,1.26],[0,0],[-1.862,-0.929],[0.005,-0.076],[0,0],[0,0]],"v":[[36.786,20.291],[36.615,20.443],[31.099,21.102],[-33.888,-11.328],[-36.678,-16.132],[-36.661,-16.36],[11.948,-22.03]],"c":true},"ix":2},"nm":"Path 1","mn":"ADBE Vector Shape - Group","hd":false},{"ty":"fl","c":{"a":0,"k":[1,0.635000011968,0.016000001571,1],"ix":4},"o":{"a":0,"k":100,"ix":5},"r":1,"bm":0,"nm":"Fill 1","mn":"ADBE Vector Graphic - Fill","hd":false},{"ty":"tr","p":{"a":0,"k":[63.365,59.254],"ix":2},"a":{"a":0,"k":[0,0],"ix":1},"s":{"a":0,"k":[100,100],"ix":3},"r":{"a":0,"k":0,"ix":6},"o":{"a":0,"k":100,"ix":7},"sk":{"a":0,"k":0,"ix":4},"sa":{"a":0,"k":0,"ix":5},"nm":"Transform"}],"nm":"Group 2","np":2,"cix":2,"bm":0,"ix":2,"mn":"ADBE Vector Group","hd":false},{"ty":"gr","it":[{"ind":0,"ty":"sh","ix":1,"ks":{"a":0,"k":{"i":[[2.497,1.246],[0,0],[-1.246,2.497],[0,0],[-2.496,-1.246],[0,0],[1.246,-2.496],[0,0]],"o":[[0,0],[-2.497,-1.246],[0,0],[1.246,-2.497],[0,0],[2.497,1.246],[0,0],[-1.246,2.496]],"v":[[20.91,39.43],[-44.079,7],[-46.344,0.224],[-27.686,-37.165],[-20.91,-39.43],[44.079,-7],[46.344,-0.224],[27.686,37.166]],"c":true},"ix":2},"nm":"Path 1","mn":"ADBE Vector Shape - Group","hd":false},{"ty":"fl","c":{"a":0,"k":[1,0.764999988032,0.043000000598,1],"ix":4},"o":{"a":0,"k":100,"ix":5},"r":1,"bm":0,"nm":"Fill 1","mn":"ADBE Vector Graphic - Fill","hd":false},{"ty":"tr","p":{"a":0,"k":[73.555,40.926],"ix":2},"a":{"a":0,"k":[0,0],"ix":1},"s":{"a":0,"k":[100,100],"ix":3},"r":{"a":0,"k":0,"ix":6},"o":{"a":0,"k":100,"ix":7},"sk":{"a":0,"k":0,"ix":4},"sa":{"a":0,"k":0,"ix":5},"nm":"Transform"}],"nm":"Group 3","np":2,"cix":2,"bm":0,"ix":3,"mn":"ADBE Vector Group","hd":false},{"ty":"gr","it":[{"ind":0,"ty":"sh","ix":1,"ks":{"a":0,"k":{"i":[[0,0],[3.671,1.458],[-0.82,-1.66],[0,0],[-3.255,-1.319],[0,0],[-3.189,-1.518],[0,0]],"o":[[0,0],[-3.671,-1.457],[0.819,1.659],[0,0],[3.255,1.318],[0,0],[3.189,1.517],[0,0]],"v":[[21.046,12.205],[3.813,-12.264],[-20.226,0.955],[-7.629,2.624],[-5.832,8.307],[3.952,8.059],[5.801,12.204],[16.627,12.296]],"c":true},"ix":2},"nm":"Path 1","mn":"ADBE Vector Shape - Group","hd":false},{"ty":"fl","c":{"a":0,"k":[1,1,1,1],"ix":4},"o":{"a":0,"k":100,"ix":5},"r":1,"bm":0,"nm":"Fill 1","mn":"ADBE Vector Graphic - Fill","hd":false},{"ty":"tr","p":{"a":0,"k":[38.296,26.319],"ix":2},"a":{"a":0,"k":[17,10],"ix":1},"s":{"a":0,"k":[100,100],"ix":3},"r":{"a":1,"k":[{"i":{"x":[0.667],"y":[1]},"o":{"x":[0.333],"y":[0]},"t":0,"s":[15]},{"i":{"x":[0.667],"y":[1]},"o":{"x":[0.333],"y":[0]},"t":12.84,"s":[-15]},{"i":{"x":[0.667],"y":[1]},"o":{"x":[0.333],"y":[0]},"t":25.681,"s":[15]},{"i":{"x":[0.667],"y":[1]},"o":{"x":[0.333],"y":[0]},"t":38.521,"s":[-15]},{"i":{"x":[0.667],"y":[1]},"o":{"x":[0.333],"y":[0]},"t":51.361,"s":[15]},{"i":{"x":[0.667],"y":[1]},"o":{"x":[0.333],"y":[0]},"t":64.201,"s":[-15]},{"i":{"x":[0.667],"y":[1]},"o":{"x":[0.333],"y":[0]},"t":77.042,"s":[15]},{"i":{"x":[0.667],"y":[1]},"o":{"x":[0.333],"y":[0]},"t":89.882,"s":[-15]},{"i":{"x":[0.667],"y":[1]},"o":{"x":[0.333],"y":[0]},"t":102.723,"s":[15]},{"i":{"x":[0.667],"y":[1]},"o":{"x":[0.333],"y":[0]},"t":115.563,"s":[-15]},{"t":128.40234375,"s":[15]}],"ix":6},"o":{"a":0,"k":100,"ix":7},"sk":{"a":0,"k":0,"ix":4},"sa":{"a":0,"k":0,"ix":5},"nm":"Transform"}],"nm":"Group 4","np":2,"cix":2,"bm":0,"ix":4,"mn":"ADBE Vector Group","hd":false},{"ty":"gr","it":[{"ind":0,"ty":"sh","ix":1,"ks":{"a":0,"k":{"i":[[0,0],[-3.626,-1.565],[1.753,-0.594],[0,0],[3.234,1.369],[0,0],[3.327,1.181],[0,0]],"o":[[0,0],[3.627,1.565],[-1.754,0.595],[0,0],[-3.235,-1.37],[0,0],[-3.328,-1.182],[0,0]],"v":[[-19.446,-7.572],[10.041,-12.688],[17.693,13.658],[7.605,5.93],[2.317,8.678],[-4.427,1.585],[-8.665,3.208],[-16.385,-4.383]],"c":true},"ix":2},"nm":"Path 1","mn":"ADBE Vector Shape - Group","hd":false},{"ty":"fl","c":{"a":0,"k":[1,1,1,1],"ix":4},"o":{"a":0,"k":100,"ix":5},"r":1,"bm":0,"nm":"Fill 1","mn":"ADBE Vector Graphic - Fill","hd":false},{"ty":"tr","p":{"a":0,"k":[106.689,60.387],"ix":2},"a":{"a":0,"k":[-15.5,-6.375],"ix":1},"s":{"a":0,"k":[100,100],"ix":3},"r":{"a":1,"k":[{"i":{"x":[0.667],"y":[1]},"o":{"x":[0.333],"y":[0]},"t":0,"s":[-15]},{"i":{"x":[0.667],"y":[1]},"o":{"x":[0.333],"y":[0]},"t":12.84,"s":[15]},{"i":{"x":[0.667],"y":[1]},"o":{"x":[0.333],"y":[0]},"t":25.681,"s":[-15]},{"i":{"x":[0.667],"y":[1]},"o":{"x":[0.333],"y":[0]},"t":38.521,"s":[15]},{"i":{"x":[0.667],"y":[1]},"o":{"x":[0.333],"y":[0]},"t":51.361,"s":[-15]},{"i":{"x":[0.667],"y":[1]},"o":{"x":[0.333],"y":[0]},"t":64.201,"s":[15]},{"i":{"x":[0.667],"y":[1]},"o":{"x":[0.333],"y":[0]},"t":77.042,"s":[-15]},{"i":{"x":[0.667],"y":[1]},"o":{"x":[0.333],"y":[0]},"t":89.882,"s":[15]},{"i":{"x":[0.667],"y":[1]},"o":{"x":[0.333],"y":[0]},"t":102.723,"s":[-15]},{"i":{"x":[0.667],"y":[1]},"o":{"x":[0.333],"y":[0]},"t":115.563,"s":[15]},{"t":129,"s":[-15]}],"ix":6},"o":{"a":0,"k":100,"ix":7},"sk":{"a":0,"k":0,"ix":4},"sa":{"a":0,"k":0,"ix":5},"nm":"Transform"}],"nm":"Group 5","np":2,"cix":2,"bm":0,"ix":5,"mn":"ADBE Vector Group","hd":false}],"ip":0,"op":300,"st":0,"bm":0},{"ddd":0,"ind":17,"ty":4,"nm":"Flying Mail - Right","sr":1,"ks":{"o":{"a":0,"k":100,"ix":11},"r":{"a":0,"k":10,"ix":10},"p":{"a":1,"k":[{"i":{"x":0.667,"y":1},"o":{"x":0.333,"y":0},"t":0,"s":[607.567,259.075,0],"to":[0,1.667,0],"ti":[0,0,0]},{"i":{"x":0.667,"y":1},"o":{"x":0.333,"y":0},"t":10.75,"s":[607.567,269.075,0],"to":[0,0,0],"ti":[0,0,0]},{"i":{"x":0.667,"y":1},"o":{"x":0.333,"y":0},"t":21.5,"s":[607.567,259.075,0],"to":[0,0,0],"ti":[0,0,0]},{"i":{"x":0.667,"y":1},"o":{"x":0.333,"y":0},"t":32.25,"s":[607.567,269.075,0],"to":[0,0,0],"ti":[0,0,0]},{"i":{"x":0.667,"y":1},"o":{"x":0.333,"y":0},"t":43,"s":[607.567,259.075,0],"to":[0,0,0],"ti":[0,0,0]},{"i":{"x":0.667,"y":1},"o":{"x":0.333,"y":0},"t":53.75,"s":[607.567,269.075,0],"to":[0,0,0],"ti":[0,0,0]},{"i":{"x":0.667,"y":1},"o":{"x":0.333,"y":0},"t":64.5,"s":[607.567,259.075,0],"to":[0,0,0],"ti":[0,0,0]},{"i":{"x":0.667,"y":1},"o":{"x":0.333,"y":0},"t":75.25,"s":[607.567,269.075,0],"to":[0,0,0],"ti":[0,0,0]},{"i":{"x":0.667,"y":1},"o":{"x":0.333,"y":0},"t":86,"s":[607.567,259.075,0],"to":[0,0,0],"ti":[0,0,0]},{"i":{"x":0.667,"y":1},"o":{"x":0.333,"y":0},"t":96.75,"s":[607.567,269.075,0],"to":[0,0,0],"ti":[0,0,0]},{"i":{"x":0.667,"y":1},"o":{"x":0.333,"y":0},"t":107.5,"s":[607.567,259.075,0],"to":[0,0,0],"ti":[0,0,0]},{"i":{"x":0.667,"y":1},"o":{"x":0.333,"y":0},"t":118.25,"s":[607.567,269.075,0],"to":[0,0,0],"ti":[0,1.667,0]},{"t":129,"s":[607.567,259.075,0]}],"ix":2},"a":{"a":0,"k":[70.146,42.364,0],"ix":1},"s":{"a":0,"k":[-103,103,100],"ix":6}},"ao":0,"shapes":[{"ty":"gr","it":[{"ind":0,"ty":"sh","ix":1,"ks":{"a":0,"k":{"i":[[0,0],[-0.005,0.077],[1.861,0.929],[0,0],[1.494,-1.26],[0.056,-0.051],[0,0]],"o":[[0.009,-0.075],[0.108,-1.951],[0,0],[-1.861,-0.929],[-0.059,0.05],[0,0],[0,0]],"v":[[36.66,16.395],[36.679,16.167],[33.889,11.365],[-31.099,-21.066],[-36.614,-20.406],[-36.787,-20.256],[-12.091,21.995]],"c":true},"ix":2},"nm":"Path 1","mn":"ADBE Vector Shape - Group","hd":false},{"ty":"fl","c":{"a":0,"k":[1,0.838999968884,0.322000002394,1],"ix":4},"o":{"a":0,"k":100,"ix":5},"r":1,"bm":0,"nm":"Fill 1","mn":"ADBE Vector Graphic - Fill","hd":false},{"ty":"tr","p":{"a":0,"k":[83.745,22.562],"ix":2},"a":{"a":0,"k":[0,0],"ix":1},"s":{"a":0,"k":[100,100],"ix":3},"r":{"a":0,"k":0,"ix":6},"o":{"a":0,"k":100,"ix":7},"sk":{"a":0,"k":0,"ix":4},"sa":{"a":0,"k":0,"ix":5},"nm":"Transform"}],"nm":"Group 1","np":2,"cix":2,"bm":0,"ix":1,"mn":"ADBE Vector Group","hd":false},{"ty":"gr","it":[{"ind":0,"ty":"sh","ix":1,"ks":{"a":0,"k":{"i":[[0,0],[0.059,-0.05],[1.862,0.928],[0,0],[-0.108,1.951],[-0.007,0.075],[0,0]],"o":[[-0.055,0.052],[-1.494,1.26],[0,0],[-1.862,-0.929],[0.005,-0.076],[0,0],[0,0]],"v":[[36.786,20.291],[36.615,20.443],[31.099,21.102],[-33.888,-11.328],[-36.678,-16.132],[-36.661,-16.36],[11.948,-22.03]],"c":true},"ix":2},"nm":"Path 1","mn":"ADBE Vector Shape - Group","hd":false},{"ty":"fl","c":{"a":0,"k":[1,0.635000011968,0.016000001571,1],"ix":4},"o":{"a":0,"k":100,"ix":5},"r":1,"bm":0,"nm":"Fill 1","mn":"ADBE Vector Graphic - Fill","hd":false},{"ty":"tr","p":{"a":0,"k":[63.365,59.254],"ix":2},"a":{"a":0,"k":[0,0],"ix":1},"s":{"a":0,"k":[100,100],"ix":3},"r":{"a":0,"k":0,"ix":6},"o":{"a":0,"k":100,"ix":7},"sk":{"a":0,"k":0,"ix":4},"sa":{"a":0,"k":0,"ix":5},"nm":"Transform"}],"nm":"Group 2","np":2,"cix":2,"bm":0,"ix":2,"mn":"ADBE Vector Group","hd":false},{"ty":"gr","it":[{"ind":0,"ty":"sh","ix":1,"ks":{"a":0,"k":{"i":[[2.497,1.246],[0,0],[-1.246,2.497],[0,0],[-2.496,-1.246],[0,0],[1.246,-2.496],[0,0]],"o":[[0,0],[-2.497,-1.246],[0,0],[1.246,-2.497],[0,0],[2.497,1.246],[0,0],[-1.246,2.496]],"v":[[20.91,39.43],[-44.079,7],[-46.344,0.224],[-27.686,-37.165],[-20.91,-39.43],[44.079,-7],[46.344,-0.224],[27.686,37.166]],"c":true},"ix":2},"nm":"Path 1","mn":"ADBE Vector Shape - Group","hd":false},{"ty":"fl","c":{"a":0,"k":[1,0.764999988032,0.043000000598,1],"ix":4},"o":{"a":0,"k":100,"ix":5},"r":1,"bm":0,"nm":"Fill 1","mn":"ADBE Vector Graphic - Fill","hd":false},{"ty":"tr","p":{"a":0,"k":[73.555,40.926],"ix":2},"a":{"a":0,"k":[0,0],"ix":1},"s":{"a":0,"k":[100,100],"ix":3},"r":{"a":0,"k":0,"ix":6},"o":{"a":0,"k":100,"ix":7},"sk":{"a":0,"k":0,"ix":4},"sa":{"a":0,"k":0,"ix":5},"nm":"Transform"}],"nm":"Group 3","np":2,"cix":2,"bm":0,"ix":3,"mn":"ADBE Vector Group","hd":false},{"ty":"gr","it":[{"ind":0,"ty":"sh","ix":1,"ks":{"a":0,"k":{"i":[[0,0],[3.671,1.458],[-0.82,-1.66],[0,0],[-3.255,-1.319],[0,0],[-3.189,-1.518],[0,0]],"o":[[0,0],[-3.671,-1.457],[0.819,1.659],[0,0],[3.255,1.318],[0,0],[3.189,1.517],[0,0]],"v":[[21.046,12.205],[3.813,-12.264],[-20.226,0.955],[-7.629,2.624],[-5.832,8.307],[3.952,8.059],[5.801,12.204],[16.627,12.296]],"c":true},"ix":2},"nm":"Path 1","mn":"ADBE Vector Shape - Group","hd":false},{"ty":"fl","c":{"a":0,"k":[0.859000052658,0.929000016755,0.952999997606,1],"ix":4},"o":{"a":0,"k":100,"ix":5},"r":1,"bm":0,"nm":"Fill 1","mn":"ADBE Vector Graphic - Fill","hd":false},{"ty":"tr","p":{"a":0,"k":[38.296,26.319],"ix":2},"a":{"a":0,"k":[17,10],"ix":1},"s":{"a":0,"k":[100,100],"ix":3},"r":{"a":1,"k":[{"i":{"x":[0.667],"y":[1]},"o":{"x":[0.333],"y":[0]},"t":0,"s":[15]},{"i":{"x":[0.667],"y":[1]},"o":{"x":[0.333],"y":[0]},"t":10.75,"s":[-15]},{"i":{"x":[0.667],"y":[1]},"o":{"x":[0.333],"y":[0]},"t":21.5,"s":[15]},{"i":{"x":[0.667],"y":[1]},"o":{"x":[0.333],"y":[0]},"t":32.25,"s":[-15]},{"i":{"x":[0.667],"y":[1]},"o":{"x":[0.333],"y":[0]},"t":43,"s":[15]},{"i":{"x":[0.667],"y":[1]},"o":{"x":[0.333],"y":[0]},"t":53.75,"s":[-15]},{"i":{"x":[0.667],"y":[1]},"o":{"x":[0.333],"y":[0]},"t":64.5,"s":[15]},{"i":{"x":[0.667],"y":[1]},"o":{"x":[0.333],"y":[0]},"t":75.25,"s":[-15]},{"i":{"x":[0.667],"y":[1]},"o":{"x":[0.333],"y":[0]},"t":86,"s":[15]},{"i":{"x":[0.667],"y":[1]},"o":{"x":[0.333],"y":[0]},"t":96.75,"s":[-15]},{"i":{"x":[0.667],"y":[1]},"o":{"x":[0.333],"y":[0]},"t":107.5,"s":[15]},{"i":{"x":[0.667],"y":[1]},"o":{"x":[0.333],"y":[0]},"t":118.25,"s":[-15]},{"t":129,"s":[15]}],"ix":6},"o":{"a":0,"k":100,"ix":7},"sk":{"a":0,"k":0,"ix":4},"sa":{"a":0,"k":0,"ix":5},"nm":"Transform"}],"nm":"Group 4","np":2,"cix":2,"bm":0,"ix":4,"mn":"ADBE Vector Group","hd":false},{"ty":"gr","it":[{"ind":0,"ty":"sh","ix":1,"ks":{"a":0,"k":{"i":[[0,0],[-3.626,-1.565],[1.753,-0.594],[0,0],[3.234,1.369],[0,0],[3.327,1.181],[0,0]],"o":[[0,0],[3.627,1.565],[-1.754,0.595],[0,0],[-3.235,-1.37],[0,0],[-3.328,-1.182],[0,0]],"v":[[-19.446,-7.572],[10.041,-12.688],[17.693,13.658],[7.605,5.93],[2.317,8.678],[-4.427,1.585],[-8.665,3.208],[-16.385,-4.383]],"c":true},"ix":2},"nm":"Path 1","mn":"ADBE Vector Shape - Group","hd":false},{"ty":"fl","c":{"a":0,"k":[1,1,1,1],"ix":4},"o":{"a":0,"k":100,"ix":5},"r":1,"bm":0,"nm":"Fill 1","mn":"ADBE Vector Graphic - Fill","hd":false},{"ty":"tr","p":{"a":0,"k":[106.689,60.387],"ix":2},"a":{"a":0,"k":[-15.5,-6.375],"ix":1},"s":{"a":0,"k":[100,100],"ix":3},"r":{"a":1,"k":[{"i":{"x":[0.667],"y":[1]},"o":{"x":[0.333],"y":[0]},"t":0,"s":[-15]},{"i":{"x":[0.667],"y":[1]},"o":{"x":[0.333],"y":[0]},"t":10.75,"s":[15]},{"i":{"x":[0.667],"y":[1]},"o":{"x":[0.333],"y":[0]},"t":21.5,"s":[-15]},{"i":{"x":[0.667],"y":[1]},"o":{"x":[0.333],"y":[0]},"t":32.25,"s":[15]},{"i":{"x":[0.667],"y":[1]},"o":{"x":[0.333],"y":[0]},"t":43,"s":[-15]},{"i":{"x":[0.667],"y":[1]},"o":{"x":[0.333],"y":[0]},"t":53.75,"s":[15]},{"i":{"x":[0.667],"y":[1]},"o":{"x":[0.333],"y":[0]},"t":64.5,"s":[-15]},{"i":{"x":[0.667],"y":[1]},"o":{"x":[0.333],"y":[0]},"t":75.25,"s":[15]},{"i":{"x":[0.667],"y":[1]},"o":{"x":[0.333],"y":[0]},"t":86,"s":[-15]},{"i":{"x":[0.667],"y":[1]},"o":{"x":[0.333],"y":[0]},"t":96.75,"s":[15]},{"i":{"x":[0.667],"y":[1]},"o":{"x":[0.333],"y":[0]},"t":108,"s":[-15]},{"i":{"x":[0.833],"y":[1]},"o":{"x":[0.333],"y":[0]},"t":118,"s":[15]},{"t":129,"s":[-15]}],"ix":6},"o":{"a":0,"k":100,"ix":7},"sk":{"a":0,"k":0,"ix":4},"sa":{"a":0,"k":0,"ix":5},"nm":"Transform"}],"nm":"Group 5","np":2,"cix":2,"bm":0,"ix":5,"mn":"ADBE Vector Group","hd":false}],"ip":0,"op":300,"st":0,"bm":0},{"ddd":0,"ind":18,"ty":4,"nm":"Flying Mail - Left","sr":1,"ks":{"o":{"a":0,"k":100,"ix":11},"r":{"a":0,"k":0,"ix":10},"p":{"a":1,"k":[{"i":{"x":0.667,"y":1},"o":{"x":0.333,"y":0},"t":0,"s":[150.067,322.575,0],"to":[0,1.667,0],"ti":[0,0,0]},{"i":{"x":0.667,"y":1},"o":{"x":0.333,"y":0},"t":10.75,"s":[150.067,332.575,0],"to":[0,0,0],"ti":[0,0,0]},{"i":{"x":0.667,"y":1},"o":{"x":0.333,"y":0},"t":21.5,"s":[150.067,322.575,0],"to":[0,0,0],"ti":[0,0,0]},{"i":{"x":0.667,"y":1},"o":{"x":0.333,"y":0},"t":32.25,"s":[150.067,332.575,0],"to":[0,0,0],"ti":[0,0,0]},{"i":{"x":0.667,"y":1},"o":{"x":0.333,"y":0},"t":43,"s":[150.067,322.575,0],"to":[0,0,0],"ti":[0,0,0]},{"i":{"x":0.667,"y":1},"o":{"x":0.333,"y":0},"t":53.75,"s":[150.067,332.575,0],"to":[0,0,0],"ti":[0,0,0]},{"i":{"x":0.667,"y":1},"o":{"x":0.333,"y":0},"t":64.5,"s":[150.067,322.575,0],"to":[0,0,0],"ti":[0,0,0]},{"i":{"x":0.667,"y":1},"o":{"x":0.333,"y":0},"t":75.25,"s":[150.067,332.575,0],"to":[0,0,0],"ti":[0,0,0]},{"i":{"x":0.667,"y":1},"o":{"x":0.333,"y":0},"t":86,"s":[150.067,322.575,0],"to":[0,0,0],"ti":[0,0,0]},{"i":{"x":0.667,"y":1},"o":{"x":0.333,"y":0},"t":96.75,"s":[150.067,332.575,0],"to":[0,0,0],"ti":[0,0,0]},{"i":{"x":0.667,"y":1},"o":{"x":0.333,"y":0},"t":107.5,"s":[150.067,322.575,0],"to":[0,0,0],"ti":[0,0,0]},{"i":{"x":0.667,"y":1},"o":{"x":0.333,"y":0},"t":118.25,"s":[150.067,332.575,0],"to":[0,0,0],"ti":[0,1.667,0]},{"t":129,"s":[150.067,322.575,0]}],"ix":2},"a":{"a":0,"k":[70.146,42.364,0],"ix":1},"s":{"a":0,"k":[100,100,100],"ix":6}},"ao":0,"shapes":[{"ty":"gr","it":[{"ind":0,"ty":"sh","ix":1,"ks":{"a":0,"k":{"i":[[0,0],[-0.005,0.077],[1.861,0.929],[0,0],[1.494,-1.26],[0.056,-0.051],[0,0]],"o":[[0.009,-0.075],[0.108,-1.951],[0,0],[-1.861,-0.929],[-0.059,0.05],[0,0],[0,0]],"v":[[36.66,16.395],[36.679,16.167],[33.889,11.365],[-31.099,-21.066],[-36.614,-20.406],[-36.787,-20.256],[-12.091,21.995]],"c":true},"ix":2},"nm":"Path 1","mn":"ADBE Vector Shape - Group","hd":false},{"ty":"fl","c":{"a":0,"k":[1,0.838999968884,0.322000002394,1],"ix":4},"o":{"a":0,"k":100,"ix":5},"r":1,"bm":0,"nm":"Fill 1","mn":"ADBE Vector Graphic - Fill","hd":false},{"ty":"tr","p":{"a":0,"k":[83.745,22.562],"ix":2},"a":{"a":0,"k":[0,0],"ix":1},"s":{"a":0,"k":[100,100],"ix":3},"r":{"a":0,"k":0,"ix":6},"o":{"a":0,"k":100,"ix":7},"sk":{"a":0,"k":0,"ix":4},"sa":{"a":0,"k":0,"ix":5},"nm":"Transform"}],"nm":"Group 1","np":2,"cix":2,"bm":0,"ix":1,"mn":"ADBE Vector Group","hd":false},{"ty":"gr","it":[{"ind":0,"ty":"sh","ix":1,"ks":{"a":0,"k":{"i":[[0,0],[0.059,-0.05],[1.862,0.928],[0,0],[-0.108,1.951],[-0.007,0.075],[0,0]],"o":[[-0.055,0.052],[-1.494,1.26],[0,0],[-1.862,-0.929],[0.005,-0.076],[0,0],[0,0]],"v":[[36.786,20.291],[36.615,20.443],[31.099,21.102],[-33.888,-11.328],[-36.678,-16.132],[-36.661,-16.36],[11.948,-22.03]],"c":true},"ix":2},"nm":"Path 1","mn":"ADBE Vector Shape - Group","hd":false},{"ty":"fl","c":{"a":0,"k":[1,0.635000011968,0.016000001571,1],"ix":4},"o":{"a":0,"k":100,"ix":5},"r":1,"bm":0,"nm":"Fill 1","mn":"ADBE Vector Graphic - Fill","hd":false},{"ty":"tr","p":{"a":0,"k":[63.365,59.254],"ix":2},"a":{"a":0,"k":[0,0],"ix":1},"s":{"a":0,"k":[100,100],"ix":3},"r":{"a":0,"k":0,"ix":6},"o":{"a":0,"k":100,"ix":7},"sk":{"a":0,"k":0,"ix":4},"sa":{"a":0,"k":0,"ix":5},"nm":"Transform"}],"nm":"Group 2","np":2,"cix":2,"bm":0,"ix":2,"mn":"ADBE Vector Group","hd":false},{"ty":"gr","it":[{"ind":0,"ty":"sh","ix":1,"ks":{"a":0,"k":{"i":[[2.497,1.246],[0,0],[-1.246,2.497],[0,0],[-2.496,-1.246],[0,0],[1.246,-2.496],[0,0]],"o":[[0,0],[-2.497,-1.246],[0,0],[1.246,-2.497],[0,0],[2.497,1.246],[0,0],[-1.246,2.496]],"v":[[20.91,39.43],[-44.079,7],[-46.344,0.224],[-27.686,-37.165],[-20.91,-39.43],[44.079,-7],[46.344,-0.224],[27.686,37.166]],"c":true},"ix":2},"nm":"Path 1","mn":"ADBE Vector Shape - Group","hd":false},{"ty":"fl","c":{"a":0,"k":[1,0.764999988032,0.043000000598,1],"ix":4},"o":{"a":0,"k":100,"ix":5},"r":1,"bm":0,"nm":"Fill 1","mn":"ADBE Vector Graphic - Fill","hd":false},{"ty":"tr","p":{"a":0,"k":[73.555,40.926],"ix":2},"a":{"a":0,"k":[0,0],"ix":1},"s":{"a":0,"k":[100,100],"ix":3},"r":{"a":0,"k":0,"ix":6},"o":{"a":0,"k":100,"ix":7},"sk":{"a":0,"k":0,"ix":4},"sa":{"a":0,"k":0,"ix":5},"nm":"Transform"}],"nm":"Group 3","np":2,"cix":2,"bm":0,"ix":3,"mn":"ADBE Vector Group","hd":false},{"ty":"gr","it":[{"ind":0,"ty":"sh","ix":1,"ks":{"a":0,"k":{"i":[[0,0],[3.671,1.458],[-0.82,-1.66],[0,0],[-3.255,-1.319],[0,0],[-3.189,-1.518],[0,0]],"o":[[0,0],[-3.671,-1.457],[0.819,1.659],[0,0],[3.255,1.318],[0,0],[3.189,1.517],[0,0]],"v":[[21.046,12.205],[3.813,-12.264],[-20.226,0.955],[-7.629,2.624],[-5.832,8.307],[3.952,8.059],[5.801,12.204],[16.627,12.296]],"c":true},"ix":2},"nm":"Path 1","mn":"ADBE Vector Shape - Group","hd":false},{"ty":"fl","c":{"a":0,"k":[0.859000052658,0.929000016755,0.952999997606,1],"ix":4},"o":{"a":0,"k":100,"ix":5},"r":1,"bm":0,"nm":"Fill 1","mn":"ADBE Vector Graphic - Fill","hd":false},{"ty":"tr","p":{"a":0,"k":[38.296,26.319],"ix":2},"a":{"a":0,"k":[17,10],"ix":1},"s":{"a":0,"k":[100,100],"ix":3},"r":{"a":1,"k":[{"i":{"x":[0.667],"y":[1]},"o":{"x":[0.333],"y":[0]},"t":0,"s":[15]},{"i":{"x":[0.667],"y":[1]},"o":{"x":[0.333],"y":[0]},"t":10.75,"s":[-15]},{"i":{"x":[0.667],"y":[1]},"o":{"x":[0.333],"y":[0]},"t":21.5,"s":[15]},{"i":{"x":[0.667],"y":[1]},"o":{"x":[0.333],"y":[0]},"t":32.25,"s":[-15]},{"i":{"x":[0.667],"y":[1]},"o":{"x":[0.333],"y":[0]},"t":43,"s":[15]},{"i":{"x":[0.667],"y":[1]},"o":{"x":[0.333],"y":[0]},"t":53.75,"s":[-15]},{"i":{"x":[0.667],"y":[1]},"o":{"x":[0.333],"y":[0]},"t":64.5,"s":[15]},{"i":{"x":[0.667],"y":[1]},"o":{"x":[0.333],"y":[0]},"t":75.25,"s":[-15]},{"i":{"x":[0.667],"y":[1]},"o":{"x":[0.333],"y":[0]},"t":86,"s":[15]},{"i":{"x":[0.667],"y":[1]},"o":{"x":[0.333],"y":[0]},"t":96.75,"s":[-15]},{"i":{"x":[0.667],"y":[1]},"o":{"x":[0.333],"y":[0]},"t":107.5,"s":[15]},{"i":{"x":[0.667],"y":[1]},"o":{"x":[0.333],"y":[0]},"t":118.25,"s":[-15]},{"t":129,"s":[15]}],"ix":6},"o":{"a":0,"k":100,"ix":7},"sk":{"a":0,"k":0,"ix":4},"sa":{"a":0,"k":0,"ix":5},"nm":"Transform"}],"nm":"Group 4","np":2,"cix":2,"bm":0,"ix":4,"mn":"ADBE Vector Group","hd":false},{"ty":"gr","it":[{"ind":0,"ty":"sh","ix":1,"ks":{"a":0,"k":{"i":[[0,0],[-3.626,-1.565],[1.753,-0.594],[0,0],[3.234,1.369],[0,0],[3.327,1.181],[0,0]],"o":[[0,0],[3.627,1.565],[-1.754,0.595],[0,0],[-3.235,-1.37],[0,0],[-3.328,-1.182],[0,0]],"v":[[-19.446,-7.572],[10.041,-12.688],[17.693,13.658],[7.605,5.93],[2.317,8.678],[-4.427,1.585],[-8.665,3.208],[-16.385,-4.383]],"c":true},"ix":2},"nm":"Path 1","mn":"ADBE Vector Shape - Group","hd":false},{"ty":"fl","c":{"a":0,"k":[1,1,1,1],"ix":4},"o":{"a":0,"k":100,"ix":5},"r":1,"bm":0,"nm":"Fill 1","mn":"ADBE Vector Graphic - Fill","hd":false},{"ty":"tr","p":{"a":0,"k":[106.689,60.387],"ix":2},"a":{"a":0,"k":[-15.5,-6.375],"ix":1},"s":{"a":0,"k":[100,100],"ix":3},"r":{"a":1,"k":[{"i":{"x":[0.667],"y":[1]},"o":{"x":[0.333],"y":[0]},"t":0,"s":[-15]},{"i":{"x":[0.667],"y":[1]},"o":{"x":[0.333],"y":[0]},"t":10.75,"s":[15]},{"i":{"x":[0.667],"y":[1]},"o":{"x":[0.333],"y":[0]},"t":21.5,"s":[-15]},{"i":{"x":[0.667],"y":[1]},"o":{"x":[0.333],"y":[0]},"t":32.25,"s":[15]},{"i":{"x":[0.667],"y":[1]},"o":{"x":[0.333],"y":[0]},"t":43,"s":[-15]},{"i":{"x":[0.667],"y":[1]},"o":{"x":[0.333],"y":[0]},"t":53.75,"s":[15]},{"i":{"x":[0.667],"y":[1]},"o":{"x":[0.333],"y":[0]},"t":64.5,"s":[-15]},{"i":{"x":[0.667],"y":[1]},"o":{"x":[0.333],"y":[0]},"t":75.25,"s":[15]},{"i":{"x":[0.667],"y":[1]},"o":{"x":[0.333],"y":[0]},"t":86,"s":[-15]},{"i":{"x":[0.667],"y":[1]},"o":{"x":[0.333],"y":[0]},"t":96.75,"s":[15]},{"i":{"x":[0.667],"y":[1]},"o":{"x":[0.333],"y":[0]},"t":108,"s":[-15]},{"i":{"x":[0.833],"y":[1]},"o":{"x":[0.333],"y":[0]},"t":118,"s":[15]},{"t":129,"s":[-15]}],"ix":6},"o":{"a":0,"k":100,"ix":7},"sk":{"a":0,"k":0,"ix":4},"sa":{"a":0,"k":0,"ix":5},"nm":"Transform"}],"nm":"Group 5","np":2,"cix":2,"bm":0,"ix":5,"mn":"ADBE Vector Group","hd":false}],"ip":0,"op":300,"st":0,"bm":0},{"ddd":0,"ind":19,"ty":4,"nm":"Fix","sr":1,"ks":{"o":{"a":0,"k":100,"ix":11},"r":{"a":0,"k":0,"ix":10},"p":{"a":0,"k":[381.148,381.188,0],"ix":2},"a":{"a":0,"k":[312.665,218.29,0],"ix":1},"s":{"a":0,"k":[100,100,100],"ix":6}},"ao":0,"shapes":[{"ty":"gr","it":[{"ind":0,"ty":"sh","ix":1,"ks":{"a":0,"k":{"i":[[0.267,0],[0.282,0.461],[-0.707,0.433],[0,0],[-0.432,-0.705],[0.707,-0.434],[0,0]],"o":[[-0.505,0],[-0.433,-0.707],[0,0],[0.706,-0.431],[0.433,0.707],[0,0],[-0.244,0.15]],"v":[[-5.222,4.806],[-6.502,4.09],[-6.007,2.027],[4.44,-4.375],[6.502,-3.88],[6.007,-1.816],[-4.44,4.585]],"c":true},"ix":2},"nm":"Path 1","mn":"ADBE Vector Shape - Group","hd":false},{"ty":"fl","c":{"a":0,"k":[1,1,1,1],"ix":4},"o":{"a":0,"k":100,"ix":5},"r":1,"bm":0,"nm":"Fill 1","mn":"ADBE Vector Graphic - Fill","hd":false},{"ty":"tr","p":{"a":0,"k":[47.713,252.378],"ix":2},"a":{"a":0,"k":[0,0],"ix":1},"s":{"a":0,"k":[100,100],"ix":3},"r":{"a":0,"k":0,"ix":6},"o":{"a":0,"k":100,"ix":7},"sk":{"a":0,"k":0,"ix":4},"sa":{"a":0,"k":0,"ix":5},"nm":"Transform"}],"nm":"Group 1","np":2,"cix":2,"bm":0,"ix":1,"mn":"ADBE Vector Group","hd":false},{"ty":"gr","it":[{"ind":0,"ty":"sh","ix":1,"ks":{"a":0,"k":{"i":[[0.267,0],[0.282,0.461],[0,0],[-0.707,0.434],[-0.432,-0.706],[0,0],[0.707,-0.433]],"o":[[-0.505,0],[0,0],[-0.433,-0.707],[0.707,-0.431],[0,0],[0.433,0.707],[-0.244,0.15]],"v":[[3.202,6.828],[1.922,6.113],[-4.479,-4.333],[-3.984,-6.398],[-1.922,-5.902],[4.479,4.544],[3.984,6.608]],"c":true},"ix":2},"nm":"Path 1","mn":"ADBE Vector Shape - Group","hd":false},{"ty":"fl","c":{"a":0,"k":[1,1,1,1],"ix":4},"o":{"a":0,"k":100,"ix":5},"r":1,"bm":0,"nm":"Fill 1","mn":"ADBE Vector Graphic - Fill","hd":false},{"ty":"tr","p":{"a":0,"k":[47.713,252.378],"ix":2},"a":{"a":0,"k":[0,0],"ix":1},"s":{"a":0,"k":[100,100],"ix":3},"r":{"a":0,"k":0,"ix":6},"o":{"a":0,"k":100,"ix":7},"sk":{"a":0,"k":0,"ix":4},"sa":{"a":0,"k":0,"ix":5},"nm":"Transform"}],"nm":"Group 2","np":2,"cix":2,"bm":0,"ix":2,"mn":"ADBE Vector Group","hd":false},{"ty":"gr","it":[{"ind":0,"ty":"sh","ix":1,"ks":{"a":0,"k":{"i":[[0.4,-1.66],[1.45,-0.89],[1.83,2.99],[-2.99,1.84],[-1.84,-3]],"o":[[-0.4,1.65],[-3,1.84],[-1.83,-3],[3,-1.83],[0.89,1.45]],"v":[[6.03,2.145],[3.17,6.085],[-5.59,3.985],[-3.49,-4.775],[5.27,-2.665]],"c":true},"ix":2},"nm":"Path 1","mn":"ADBE Vector Shape - Group","hd":false},{"ind":1,"ty":"sh","ix":2,"ks":{"a":0,"k":{"i":[[1.3,2.13],[4.41,-2.69],[0,-3.16],[-0.93,-1.53],[-2.43,-0.58],[-0.74,0],[-1.49,0.91],[-0.59,2.43]],"o":[[-2.7,-4.41],[-2.88,1.77],[0,1.67],[1.31,2.13],[0.73,0.18],[1.7,0],[2.14,-1.31],[0.58,-2.43]],"v":[[7.83,-4.235],[-5.06,-7.335],[-9.53,0.675],[-8.15,5.555],[-2.35,9.765],[-0.14,10.025],[4.73,8.645],[8.95,2.845]],"c":true},"ix":2},"nm":"Path 2","mn":"ADBE Vector Shape - Group","hd":false},{"ty":"mm","mm":1,"nm":"Merge Paths 1","mn":"ADBE Vector Filter - Merge","hd":false},{"ty":"fl","c":{"a":0,"k":[1,1,1,1],"ix":4},"o":{"a":0,"k":100,"ix":5},"r":1,"bm":0,"nm":"Fill 1","mn":"ADBE Vector Graphic - Fill","hd":false},{"ty":"tr","p":{"a":0,"k":[103.28,259.475],"ix":2},"a":{"a":0,"k":[0,0],"ix":1},"s":{"a":0,"k":[100,100],"ix":3},"r":{"a":0,"k":0,"ix":6},"o":{"a":0,"k":100,"ix":7},"sk":{"a":0,"k":0,"ix":4},"sa":{"a":0,"k":0,"ix":5},"nm":"Transform"}],"nm":"Group 3","np":4,"cix":2,"bm":0,"ix":3,"mn":"ADBE Vector Group","hd":false},{"ty":"gr","it":[{"ind":0,"ty":"sh","ix":1,"ks":{"a":0,"k":{"i":[[0.828,0],[0,0],[0,0.829],[-0.828,0],[0,0],[0,-0.829]],"o":[[0,0],[-0.828,0],[0,-0.829],[0,0],[0.828,0],[0,0.829]],"v":[[6.126,1.5],[-6.125,1.5],[-7.625,0],[-6.125,-1.5],[6.126,-1.5],[7.626,0]],"c":true},"ix":2},"nm":"Path 1","mn":"ADBE Vector Shape - Group","hd":false},{"ty":"fl","c":{"a":0,"k":[1,1,1,1],"ix":4},"o":{"a":0,"k":100,"ix":5},"r":1,"bm":0,"nm":"Fill 1","mn":"ADBE Vector Graphic - Fill","hd":false},{"ty":"tr","p":{"a":0,"k":[558.298,218.517],"ix":2},"a":{"a":0,"k":[0,0],"ix":1},"s":{"a":0,"k":[100,100],"ix":3},"r":{"a":0,"k":0,"ix":6},"o":{"a":0,"k":100,"ix":7},"sk":{"a":0,"k":0,"ix":4},"sa":{"a":0,"k":0,"ix":5},"nm":"Transform"}],"nm":"Group 4","np":2,"cix":2,"bm":0,"ix":4,"mn":"ADBE Vector Group","hd":false},{"ty":"gr","it":[{"ind":0,"ty":"sh","ix":1,"ks":{"a":0,"k":{"i":[[0.828,0],[0,0.829],[0,0],[-0.828,0],[0,-0.829],[0,0]],"o":[[-0.828,0],[0,0],[0,-0.829],[0.828,0],[0,0],[0,0.829]],"v":[[0,7.626],[-1.5,6.126],[-1.5,-6.126],[0,-7.626],[1.5,-6.126],[1.5,6.126]],"c":true},"ix":2},"nm":"Path 1","mn":"ADBE Vector Shape - Group","hd":false},{"ty":"fl","c":{"a":0,"k":[1,1,1,1],"ix":4},"o":{"a":0,"k":100,"ix":5},"r":1,"bm":0,"nm":"Fill 1","mn":"ADBE Vector Graphic - Fill","hd":false},{"ty":"tr","p":{"a":0,"k":[558.297,218.517],"ix":2},"a":{"a":0,"k":[0,0],"ix":1},"s":{"a":0,"k":[100,100],"ix":3},"r":{"a":0,"k":0,"ix":6},"o":{"a":0,"k":100,"ix":7},"sk":{"a":0,"k":0,"ix":4},"sa":{"a":0,"k":0,"ix":5},"nm":"Transform"}],"nm":"Group 5","np":2,"cix":2,"bm":0,"ix":5,"mn":"ADBE Vector Group","hd":false},{"ty":"gr","it":[{"ind":0,"ty":"sh","ix":1,"ks":{"a":0,"k":{"i":[[3.51,0],[0,3.51],[-3.51,0],[0,-3.51]],"o":[[-3.51,0],[0,-3.51],[3.51,0],[0,3.51]],"v":[[0,6.37],[-6.37,0],[0,-6.37],[6.37,0]],"c":true},"ix":2},"nm":"Path 1","mn":"ADBE Vector Shape - Group","hd":false},{"ind":1,"ty":"sh","ix":2,"ks":{"a":0,"k":{"i":[[5.17,0],[0,-5.17],[-5.16,0],[0,5.16]],"o":[[-5.16,0],[0,5.16],[5.17,0],[0,-5.17]],"v":[[0,-9.37],[-9.37,0],[0,9.37],[9.37,0]],"c":true},"ix":2},"nm":"Path 2","mn":"ADBE Vector Shape - Group","hd":false},{"ty":"mm","mm":1,"nm":"Merge Paths 1","mn":"ADBE Vector Filter - Merge","hd":false},{"ty":"fl","c":{"a":0,"k":[1,1,1,1],"ix":4},"o":{"a":0,"k":100,"ix":5},"r":1,"bm":0,"nm":"Fill 1","mn":"ADBE Vector Graphic - Fill","hd":false},{"ty":"tr","p":{"a":0,"k":[515.049,183.05],"ix":2},"a":{"a":0,"k":[0,0],"ix":1},"s":{"a":0,"k":[100,100],"ix":3},"r":{"a":0,"k":0,"ix":6},"o":{"a":0,"k":100,"ix":7},"sk":{"a":0,"k":0,"ix":4},"sa":{"a":0,"k":0,"ix":5},"nm":"Transform"}],"nm":"Group 6","np":4,"cix":2,"bm":0,"ix":6,"mn":"ADBE Vector Group","hd":false},{"ty":"gr","it":[{"ind":0,"ty":"sh","ix":1,"ks":{"a":0,"k":{"i":[[2.74,1.61],[1.68,2.12],[0.66,-0.13],[-0.16,-0.81],[-36.44,-21.15],[-1.57,-0.86],[-1.27,0.46]],"o":[[-35.8,-21.02],[-0.3,-0.57],[-0.82,0.16],[0.43,2.11],[1.57,0.91],[1.28,-0.44],[-2.77,-1.47]],"v":[[32.265,24.765],[-37.575,-29.845],[-39.195,-30.615],[-40.375,-28.845],[32.005,28.085],[36.715,30.745],[40.535,29.395]],"c":true},"ix":2},"nm":"Path 1","mn":"ADBE Vector Shape - Group","hd":false},{"ty":"fl","c":{"a":0,"k":[1,1,1,1],"ix":4},"o":{"a":0,"k":100,"ix":5},"r":1,"bm":0,"nm":"Fill 1","mn":"ADBE Vector Graphic - Fill","hd":false},{"ty":"tr","p":{"a":0,"k":[406.565,367.935],"ix":2},"a":{"a":0,"k":[0,0],"ix":1},"s":{"a":0,"k":[100,100],"ix":3},"r":{"a":0,"k":0,"ix":6},"o":{"a":0,"k":100,"ix":7},"sk":{"a":0,"k":0,"ix":4},"sa":{"a":0,"k":0,"ix":5},"nm":"Transform"}],"nm":"Group 7","np":2,"cix":2,"bm":0,"ix":7,"mn":"ADBE Vector Group","hd":false},{"ty":"gr","it":[{"ind":0,"ty":"sh","ix":1,"ks":{"a":0,"k":{"i":[[1.66,-0.6],[1.28,-0.441],[-0.08,-0.04],[0.19,0.009],[0.02,-0.01],[1.49,-0.5],[4.03,-1.179],[1.84,-0.5],[12.51,12.53],[0.3,23.14],[-14.92,-4],[0,0],[-2.54,3.321],[0,0],[-13.92,-20.681],[-3.31,-7.78],[0,0]],"o":[[-1.27,0.46],[0.08,0.04],[-0.2,0],[-0.01,0],[-1.48,0.51],[-3.95,1.311],[-1.82,0.54],[-14.26,-5.159],[-12.49,-12.489],[0,0],[0,0],[0.12,4.181],[0,0],[15.47,6.089],[4.08,6.049],[0,0],[-1.64,0.63]],"v":[[42.88,31.165],[39.06,32.516],[39.29,32.645],[38.71,32.636],[38.66,32.655],[34.2,34.165],[22.22,37.905],[16.74,39.465],[-26.04,13.755],[-47.84,-38.885],[-22,-35.465],[-21.85,-30.295],[-13.87,-27.725],[-10.79,-31.774],[36.18,6.226],[47.33,26.905],[47.84,29.325]],"c":true},"ix":2},"nm":"Path 1","mn":"ADBE Vector Shape - Group","hd":false},{"ty":"fl","c":{"a":0,"k":[0,0.752999997606,0.74900004069,1],"ix":4},"o":{"a":0,"k":100,"ix":5},"r":1,"bm":0,"nm":"Fill 1","mn":"ADBE Vector Graphic - Fill","hd":false},{"ty":"tr","p":{"a":0,"k":[404.22,366.165],"ix":2},"a":{"a":0,"k":[0,0],"ix":1},"s":{"a":0,"k":[100,100],"ix":3},"r":{"a":0,"k":0,"ix":6},"o":{"a":0,"k":100,"ix":7},"sk":{"a":0,"k":0,"ix":4},"sa":{"a":0,"k":0,"ix":5},"nm":"Transform"}],"nm":"Group 8","np":2,"cix":2,"bm":0,"ix":8,"mn":"ADBE Vector Group","hd":false},{"ty":"gr","it":[{"ind":0,"ty":"sh","ix":1,"ks":{"a":0,"k":{"i":[[11.47,2.64],[0.56,0.179],[0.48,-0.369],[-0.51,-0.651],[-6.48,-1.49],[-20.76,-7.1],[-1.79,0.45]],"o":[[-2.74,-0.63],[-0.5,-0.26],[-0.65,0.5],[0.42,0.55],[10.65,2.46],[1.8,-0.42],[-22.02,-7.931]],"v":[[-25.48,-8.07],[-31.17,-9.43],[-32.78,-9.291],[-33.05,-7.19],[-26.15,-5.15],[28.17,9.69],[33.56,8.39]],"c":true},"ix":2},"nm":"Path 1","mn":"ADBE Vector Shape - Group","hd":false},{"ty":"fl","c":{"a":0,"k":[1,1,1,1],"ix":4},"o":{"a":0,"k":100,"ix":5},"r":1,"bm":0,"nm":"Fill 1","mn":"ADBE Vector Graphic - Fill","hd":false},{"ty":"tr","p":{"a":0,"k":[377.33,399.88],"ix":2},"a":{"a":0,"k":[0,0],"ix":1},"s":{"a":0,"k":[100,100],"ix":3},"r":{"a":0,"k":0,"ix":6},"o":{"a":0,"k":100,"ix":7},"sk":{"a":0,"k":0,"ix":4},"sa":{"a":0,"k":0,"ix":5},"nm":"Transform"}],"nm":"Group 9","np":2,"cix":2,"bm":0,"ix":9,"mn":"ADBE Vector Group","hd":false},{"ty":"gr","it":[{"ind":0,"ty":"sh","ix":1,"ks":{"a":0,"k":{"i":[[-13.84,-10.74],[1.84,-0.5],[3.38,-0.83],[1.8,-0.42],[13.88,-1.79],[7.86,15.51],[-11.06,2.18],[0,0],[-1.56,0],[-0.47,2.37],[-8.12,-1.63]],"o":[[-1.82,0.54],[-3.33,0.93],[-1.79,0.45],[-13.37,3.12],[-14.87,-4.94],[0,0],[0,0],[0.88,1.66],[2.02,0],[7.54,-1.98],[17.04,3.42]],"v":[[49.26,6.535],[43.78,8.095],[33.71,10.735],[28.32,12.035],[-12.61,19.395],[-49.26,-10.155],[-31.24,-16.225],[-31.21,-16.175],[-27.2,-13.745],[-22.7,-17.415],[1,-17.615]],"c":true},"ix":2},"nm":"Path 1","mn":"ADBE Vector Shape - Group","hd":false},{"ty":"fl","c":{"a":0,"k":[0,0.620000023935,0.616000007181,1],"ix":4},"o":{"a":0,"k":100,"ix":5},"r":1,"bm":0,"nm":"Fill 1","mn":"ADBE Vector Graphic - Fill","hd":false},{"ty":"tr","p":{"a":0,"k":[377.18,397.535],"ix":2},"a":{"a":0,"k":[0,0],"ix":1},"s":{"a":0,"k":[100,100],"ix":3},"r":{"a":0,"k":0,"ix":6},"o":{"a":0,"k":100,"ix":7},"sk":{"a":0,"k":0,"ix":4},"sa":{"a":0,"k":0,"ix":5},"nm":"Transform"}],"nm":"Group 10","np":2,"cix":2,"bm":0,"ix":10,"mn":"ADBE Vector Group","hd":false},{"ty":"gr","it":[{"ind":0,"ty":"sh","ix":1,"ks":{"a":0,"k":{"i":[[49.47,-84.6],[20.849,-16.07],[8.75,-5.2],[0.87,-0.5],[15.739,-5.96],[1.659,-0.6],[1.281,-0.44],[0.12,-0.04],[5.569,-1.63],[1.839,-0.5],[3.38,-0.83],[1.799,-0.42],[13.88,-1.79],[32.159,131.19],[-22.6,15.07],[-12.05,3.91],[-0.52,0.16],[-0.02,0.01],[-7.471,1.74],[-0.79,1.61],[-148.94,5.53],[-36.839,-30.2],[0,0],[-16.451,-0.6],[0,0],[-0.679,-0.01],[0,0],[-0.941,0.02],[-0.471,0.02],[-0.161,0.01],[-0.011,0.01],[-0.689,0.04],[0,0],[-0.45,0.03],[-1.261,0.14],[0,0],[-0.111,0.01],[-0.97,0.09],[0,0],[-1.91,0.06],[0,0],[-8.96,-2.96]],"o":[[-12.96,22.16],[-7.861,6.08],[-0.859,0.52],[-13.97,8.11],[-1.64,0.63],[-1.27,0.46],[-0.109,0.04],[-5.42,1.88],[-1.82,0.54],[-3.33,0.93],[-1.79,0.45],[-13.37,3.12],[-150.279,19.4],[-9.58,-39.06],[11.239,-7.5],[0.519,-0.18],[0.02,-0.01],[10.33,-3.27],[0,0],[9.009,-18.4],[93.65,-3.48],[0,0],[9.77,8.01],[0,0],[0.67,0.03],[0,0],[0.91,0.01],[0.46,0],[0.16,0],[0.009,0.01],[0.67,-0.02],[0.011,0.01],[0.45,-0.02],[1.21,-0.09],[0,0],[0.109,0],[0.989,-0.11],[0,0],[1.971,-0.16],[0,0],[10.879,-0.31],[56.771,18.69]],"v":[[269.583,86.517],[218.263,143.857],[193.322,160.767],[190.723,162.297],[146.033,183.397],[141.073,185.237],[137.252,186.587],[136.902,186.707],[120.413,191.977],[114.933,193.537],[104.863,196.177],[99.473,197.477],[58.542,204.837],[-296.197,35.017],[-267.007,-43.003],[-230.867,-59.733],[-229.297,-60.243],[-229.237,-60.263],[-201.777,-67.533],[-200.607,-70.023],[19.243,-208.363],[155.002,-113.363],[155.013,-113.363],[193.223,-99.423],[193.232,-99.423],[195.272,-99.373],[195.282,-99.373],[198.053,-99.383],[199.463,-99.423],[199.933,-99.433],[199.962,-99.433],[201.992,-99.533],[202.013,-99.533],[203.373,-99.623],[207.083,-99.963],[207.093,-99.963],[207.423,-99.993],[210.353,-100.283],[210.362,-100.283],[216.173,-100.603],[216.183,-100.603],[245.992,-96.523]],"c":true},"ix":2},"nm":"Path 1","mn":"ADBE Vector Shape - Group","hd":false},{"ty":"fl","c":{"a":0,"k":[0.859000052658,0.929000016755,0.952999997606,1],"ix":4},"o":{"a":0,"k":100,"ix":5},"r":1,"bm":0,"nm":"Fill 1","mn":"ADBE Vector Graphic - Fill","hd":false},{"ty":"tr","p":{"a":0,"k":[306.027,212.093],"ix":2},"a":{"a":0,"k":[0,0],"ix":1},"s":{"a":0,"k":[100,100],"ix":3},"r":{"a":0,"k":0,"ix":6},"o":{"a":0,"k":100,"ix":7},"sk":{"a":0,"k":0,"ix":4},"sa":{"a":0,"k":0,"ix":5},"nm":"Transform"}],"nm":"Group 11","np":4,"cix":2,"bm":0,"ix":11,"mn":"ADBE Vector Group","hd":false}],"ip":0,"op":300,"st":0,"bm":0}],"markers":[]}